"Report:","Bulk Mentions Download"
"Brand:","EM777"
"From:","Tue Sep 20 00:00:00 UTC 2022"
"To:","Mon Oct 24 00:00:00 UTC 2022"
"Label:","carmakers"

"Query Id","Query Name","Date","Title","Url","Domain","Sentiment","Page Type","Language","Country Code","Continent Code","Continent","Country","City Code","Account Type","Added","Assignment","Author","Avatar","Category Details","Checked","City","Display URLs","Expanded URLs","Facebook Author ID","Facebook Comments","Facebook Likes","Facebook Role","Facebook Shares","Facebook Subtype","Full Name","Full Text","Gender","Hashtags","Impact","Impressions","Instagram Comments","Instagram Followers","Instagram Following","Instagram Interactions Count","Instagram Likes","Instagram Posts","Interest","Last Assignment Date","Latitude","Location Name","Longitude","Media Filter","Media URLs","Mentioned Authors","Original Url","Priority","Professions","Resource Id","Short URLs","Starred","Status","Subtype","Thread Author","Thread Created Date","Thread Entry Type","Thread Id","Thread URL","Total Monthly Visitors","Twitter Author ID","Twitter Channel Role","Twitter Followers","Twitter Following","Twitter Reply Count","Twitter Reply to","Twitter Retweet of","Twitter Retweets","Twitter Likes","Twitter Tweets","Twitter Verified","Updated","Reach (new)","Air Type","Blog Name","Broadcast Media Url","Broadcast Type","Content Source","Content Source Name","Copyright","Engagement Type","Entity Info","Is Syndicated","Item Review","Linkedin Comments","Linkedin Engagement","Linkedin Impressions","Linkedin Likes","Linkedin Shares","Linkedin Sponsored","Linkedin Video Views","Media Type","Page Type Name","Parent Blog Name","Parent Post Id","Pub Type","Publisher Sub Type","Rating","Reddit Author Awardee Karma","Reddit Author Awarder Karma","Reddit Author Karma","Reddit Comments","Reddit Score","Reddit Score Upvote Ratio","Region","Region Code","Root Blog Name","Root Post Id","Subreddit","Subreddit Subscribers","Weblog Title"
"2000421225","EM777","2022-10-17 19:48:18.0","GM, Ford Vehicles Were Donated to Ukraine by Carmakers https://t.co/2c8eAvYfDN via @factcheckdotorg","http://twitter.com/Zuhleika1/statuses/1582096182721282050","twitter.com","neutral","twitter","en","USA","NORTH AMERICA","North America","United States of America","","individual","2022-10-23T18:29:27.887+0000","","Zuhleika1","https://audiences.brandwatch.com/api/audiences/v1/avatars/twitter/4809500642?token=daed8ba0afb27457601c837e90702094bf3c58a5219cd23cad6e36afa6390adc","","false","","","https://www.factcheck.org/2022/09/gm-ford-vehicles-were-donated-to-ukraine-by-carmakers/?utm_source=twitter&utm_medium=social&utm_campaign=social-pug","","0","0","","0","","Zuhleika1 (Steely Connie üåäüåªüá∫‚òÆüïäüî¨üíâüíâüíâüíâüóΩüë©üèº‚Äç BlueCrew)","GM, Ford Vehicles Were Donated to Ukraine by Carmakers https://t.co/2c8eAvYfDN via @factcheckdotorg","female","","30.7","8917","0","0","0","0","0","0","Politics","","0.0","WI, USA","0.0","","","@factcheckdotorg","http://twitter.com/Zuhleika1/statuses/1582096182721282050","","","81696ff5e93674e3869a7d9d0824aa16","https://t.co/2c8eAvYfDN","false","","","","","post","0","","6000000000","4809500642","","8917","9798","0","","","0","0","61108","false","2022-10-23T18:29:27.887+0000","4588","","","","","twitter","Twitter","","","{entityId=190117, entityConfidence=HIGH, url=https://www.wikidata.org/wiki/Q190117}, {entityId=1420, entityConfidence=HIGH, url=https://www.wikidata.org/wiki/Q1420}, {entityId=212, entityConfidence=HIGH, url=https://www.wikidata.org/wiki/Q212}, {entityId=44294, entityConfidence=HIGH, url=https://www.wikidata.org/wiki/Q44294}, {entityId=28993, entityConfidence=HIGH, url=https://www.wikidata.org/wiki/Q28993}","false","","0","0.0","0","0","0","false","0","","Twitter","","","Twitstream","","","","","","","","","Wisconsin","USA.WI","","","","","Zuhleika1 (Steely Connie üåäüåªüá∫‚òÆüïäüî¨üíâüíâüíâüíâüóΩüë©üèº‚Äç BlueCrew)"
"2000421225","EM777","2022-10-07 02:31:40.0","GM, Ford Vehicles Were Donated to Ukraine by Carmakers https://t.co/dI9YZVADjJ via @factcheckdotorg","http://twitter.com/JrmChenu/statuses/1578211426338050048","twitter.com","neutral","twitter","en","","","","","","individual","2022-10-23T18:29:23.391+0000","","JrmChenu","https://audiences.brandwatch.com/api/audiences/v1/avatars/twitter/185741133?token=d7698d960fb2492c2a114de80e3d68a396785a654b87d1713c2004837b4f7ebc","","false","","","https://www.factcheck.org/2022/09/gm-ford-vehicles-were-donated-to-ukraine-by-carmakers/?utm_source=twitter&utm_medium=social&utm_campaign=social-pug","","0","0","","0","","JrmChenu (Jerome Chenu)","GM, Ford Vehicles Were Donated to Ukraine by Carmakers https://t.co/dI9YZVADjJ via @factcheckdotorg","male","","0.0","718","0","0","0","0","0","0","Fine arts, Games","","0.0","","0.0","","","@factcheckdotorg","http://twitter.com/JrmChenu/statuses/1578211426338050048","","{profession=Software developer & IT, jobTitle=Game Designer}","11166e69f328970fe22753cbbb62f8b2","https://t.co/dI9YZVADjJ","false","","","","","post","0","","6000000000","185741133","","718","614","0","","","0","0","93866","false","2022-10-23T18:29:23.391+0000","0","","","","","twitter","Twitter","","","{entityId=190117, entityConfidence=HIGH, url=https://www.wikidata.org/wiki/Q190117}, {entityId=1420, entityConfidence=HIGH, url=https://www.wikidata.org/wiki/Q1420}, {entityId=212, entityConfidence=HIGH, url=https://www.wikidata.org/wiki/Q212}, {entityId=44294, entityConfidence=HIGH, url=https://www.wikidata.org/wiki/Q44294}, {entityId=28993, entityConfidence=HIGH, url=https://www.wikidata.org/wiki/Q28993}","false","","0","0.0","0","0","0","false","0","","Twitter","","","Twitstream","","","","","","","","","","","","","","","JrmChenu (Jerome Chenu)"
"2000421225","EM777","2022-10-05 00:40:25.0","RT @FactSparrow Were GM and Ford vehicles donated to Ukraine by their manufacturers? üöòüá∫üá¶

@factcheckdotorg reports the carmakers have donated 100 vehicles to assist with humanitarian aid in Ukraine. 

However, taxpayers will not foot the bill as an Instagram post claims.
https://t.co/NNWsIe6nGL","http://twitter.com/maartist/statuses/1577458654462103552","twitter.com","neutral","twitter","en","USA","NORTH AMERICA","North America","United States of America","","individual","2022-10-23T18:29:19.973+0000","","maartist","https://audiences.brandwatch.com/api/audiences/v1/avatars/twitter/42999607?token=f3296402e363305e611bdba3f9c4c7a6674917e7cc8441d8c62e0f5ef6b5d82c","","false","","","https://www.factcheck.org/2022/09/gm-ford-vehicles-were-donated-to-ukraine-by-carmakers/","","0","0","","0","","maartist (Maria Ramirez)","RT @FactSparrow Were GM and Ford vehicles donated to Ukraine by their manufacturers? üöòüá∫üá¶ @factcheckdotorg reports the carmakers have donated 100 vehicles to assist with humanitarian aid in Ukraine. However, taxpayers will not foot the bill as an Instagram post claims. https://t.co/NNWsIe6nGL","female","","0.0","156","0","0","0","0","0","0","Beauty/Health & Fitness, Books, Photo & Video, Politics, Animals & Pets","","0.0","WI, USA","0.0","","","@factcheckdotorg","http://twitter.com/FactSparrow/statuses/1576962139683635201","","{profession=Artist, jobTitle=Photographer}, {profession=Artist, jobTitle=Artist}","9791405ebfddae1a5b3d0d1ca2d03a04","https://t.co/NNWsIe6nGL","false","","","FactSparrow","2022-10-03T15:47:27.000+0000","share","1576962139683635201","","6000000000","42999607","","156","595","0","","http://twitter.com/FactSparrow/statuses/1576962139683635201","0","0","5267","false","2022-10-23T18:29:19.973+0000","0","","","","","twitter","Twitter","","RETWEET","{entityId=190117, entityConfidence=HIGH, url=https://www.wikidata.org/wiki/Q190117}, {entityId=209330, entityConfidence=HIGH, url=https://www.wikidata.org/wiki/Q209330}, {entityId=1420, entityConfidence=HIGH, url=https://www.wikidata.org/wiki/Q1420}, {entityId=212, entityConfidence=HIGH, url=https://www.wikidata.org/wiki/Q212}, {entityId=44294, entityConfidence=HIGH, url=https://www.wikidata.org/wiki/Q44294}, {entityId=81965, entityConfidence=HIGH, url=https://www.wikidata.org/wiki/Q81965}, {entityId=190117, entityConfidence=MEDIUM, url=https://www.wikidata.org/wiki/Q190117}, {entityId=826745, entityConfidence=LOW, url=https://www.wikidata.org/wiki/Q826745}, {entityId=8161, entityConfidence=LOW, url=https://www.wikidata.org/wiki/Q8161}","false","","0","0.0","0","0","0","false","0","","Twitter","","","Twitstream","","","","","","","","","Wisconsin","USA.WI","","","","","maartist (Maria Ramirez)"
"2000421225","EM777","2022-10-04 02:52:15.0","GM, Ford Vehicles Were Donated to Ukraine by Carmakers ‚Äì¬†https://t.co/Yt0EFN7J5u https://t.co/pkNK5sCaBb","http://twitter.com/_ReportWire/statuses/1577129442098323456","twitter.com","neutral","twitter","en","USA","NORTH AMERICA","North America","United States of America","USA.CA.Los Angeles","organisational","2022-10-23T18:29:22.125+0000","","_ReportWire","https://audiences.brandwatch.com/api/audiences/v1/avatars/twitter/1504254117702602753?token=d94405851fc238e02c79e742189c139df086ce4cb28a69ca3a4173b621d36ba4","","false","Los Angeles","","https://www.factcheck.org/, https://reportwire.org/gm-ford-vehicles-were-donated-to-ukraine-by-carmakers-factcheck-org/","","0","0","","0","","_ReportWire (_ReportWire)","GM, Ford Vehicles Were Donated to Ukraine by Carmakers ‚Äì https://t.co/Yt0EFN7J5u https://t.co/pkNK5sCaBb","","","0.0","106","0","0","0","0","0","0","","","0.0","Los Angeles, CA, USA","0.0","","","","http://twitter.com/_ReportWire/statuses/1577129442098323456","","","a167ec18d3363280993e3aa3101ba934","https://t.co/Yt0EFN7J5u, https://t.co/pkNK5sCaBb, http://FactCheck.org","false","","","","","post","0","","6000000000","1504254117702602753","","106","72","0","","","0","","107725","false","2022-10-23T18:29:22.125+0000","0","","","","","twitter","Twitter","","","{entityId=1420, entityConfidence=HIGH, url=https://www.wikidata.org/wiki/Q1420}, {entityId=212, entityConfidence=HIGH, url=https://www.wikidata.org/wiki/Q212}, {entityId=2003307, entityConfidence=HIGH, url=https://www.wikidata.org/wiki/Q2003307}, {entityId=190117, entityConfidence=MEDIUM, url=https://www.wikidata.org/wiki/Q190117}, {entityId=28993, entityConfidence=MEDIUM, url=https://www.wikidata.org/wiki/Q28993}","false","","0","0.0","0","0","0","false","0","","Twitter","","","Twitstream","","","","","","","","","California","USA.CA","","","","","_ReportWire (_ReportWire)"
"2000421225","EM777","2022-10-03 17:46:44.0","RT @FactSparrow Were GM and Ford vehicles donated to Ukraine by their manufacturers? üöòüá∫üá¶

@factcheckdotorg reports the carmakers have donated 100 vehicles to assist with humanitarian aid in Ukraine. 

However, taxpayers will not foot the bill as an Instagram post claims.
https://t.co/NNWsIe6nGL","http://twitter.com/The_Watchcat/statuses/1576992159022350336","twitter.com","neutral","twitter","en","","","","","","individual","2022-10-23T18:29:20.677+0000","","The_Watchcat","https://audiences.brandwatch.com/api/audiences/v1/avatars/twitter/1118187189689622528?token=abd296b882e4262a307ba53ccd86dfafc59a93fbfc7829d78d123e855174086e","","false","","","https://www.factcheck.org/2022/09/gm-ford-vehicles-were-donated-to-ukraine-by-carmakers/","","0","0","","0","","The_Watchcat (üåôWatchcatüêà)","RT @FactSparrow Were GM and Ford vehicles donated to Ukraine by their manufacturers? üöòüá∫üá¶ @factcheckdotorg reports the carmakers have donated 100 vehicles to assist with humanitarian aid in Ukraine. However, taxpayers will not foot the bill as an Instagram post claims. https://t.co/NNWsIe6nGL","unknown","","2.2","2014","0","0","0","0","0","0","","","0.0","","0.0","","","@factcheckdotorg","http://twitter.com/FactSparrow/statuses/1576962139683635201","","","fceacfc9ba07e7e54ed40b563fcd81ad","https://t.co/NNWsIe6nGL","false","","","FactSparrow","2022-10-03T15:47:27.000+0000","share","1576962139683635201","","6000000000","1118187189689622528","","2014","2567","0","","http://twitter.com/FactSparrow/statuses/1576962139683635201","0","","76486","false","2022-10-23T18:29:20.677+0000","1197","","","","","twitter","Twitter","","RETWEET","{entityId=190117, entityConfidence=HIGH, url=https://www.wikidata.org/wiki/Q190117}, {entityId=209330, entityConfidence=HIGH, url=https://www.wikidata.org/wiki/Q209330}, {entityId=1420, entityConfidence=HIGH, url=https://www.wikidata.org/wiki/Q1420}, {entityId=212, entityConfidence=HIGH, url=https://www.wikidata.org/wiki/Q212}, {entityId=44294, entityConfidence=HIGH, url=https://www.wikidata.org/wiki/Q44294}, {entityId=81965, entityConfidence=HIGH, url=https://www.wikidata.org/wiki/Q81965}, {entityId=190117, entityConfidence=MEDIUM, url=https://www.wikidata.org/wiki/Q190117}, {entityId=826745, entityConfidence=LOW, url=https://www.wikidata.org/wiki/Q826745}, {entityId=8161, entityConfidence=LOW, url=https://www.wikidata.org/wiki/Q8161}","false","","0","0.0","0","0","0","false","0","","Twitter","","","Twitstream","","","","","","","","","","","","","","","The_Watchcat (üåôWatchcatüêà)"
"2000421225","EM777","2022-10-03 15:47:27.0","Were GM and Ford vehicles donated to Ukraine by their manufacturers? üöòüá∫üá¶

@factcheckdotorg reports the carmakers have donated 100 vehicles to assist with humanitarian aid in Ukraine. 

However, taxpayers will not foot the bill as an Instagram post claims.
https://t.co/NNWsIe6nGL","http://twitter.com/FactSparrow/statuses/1576962139683635201","twitter.com","neutral","twitter","en","USA","NORTH AMERICA","North America","United States of America","","individual","2022-10-23T18:29:20.677+0000","","FactSparrow","https://audiences.brandwatch.com/api/audiences/v1/avatars/twitter/1293602820185235456?token=e051db2fe1ee8ce54fcb7b5a7312a97c1e4b4194d1a7d513cd8403cc12436d07","","false","","","https://www.factcheck.org/2022/09/gm-ford-vehicles-were-donated-to-ukraine-by-carmakers/","","0","0","","0","","FactSparrow (FactSparrow)","Were GM and Ford vehicles donated to Ukraine by their manufacturers? üöòüá∫üá¶ @factcheckdotorg reports the carmakers have donated 100 vehicles to assist with humanitarian aid in Ukraine. However, taxpayers will not foot the bill as an Instagram post claims. https://t.co/NNWsIe6nGL","unknown","","42.8","28974","0","0","0","0","0","0","","","0.0","USA","0.0","","","@factcheckdotorg","http://twitter.com/FactSparrow/statuses/1576962139683635201","","","f1267ef39e5e76dedb354c2a1e0a5981","https://t.co/NNWsIe6nGL","false","","","","","post","0","","6000000000","1293602820185235456","","26804","71","0","","","2","3","25350","false","2022-10-23T18:29:20.677+0000","10038","","","","","twitter","Twitter","","","{entityId=190117, entityConfidence=HIGH, url=https://www.wikidata.org/wiki/Q190117}, {entityId=209330, entityConfidence=HIGH, url=https://www.wikidata.org/wiki/Q209330}, {entityId=1420, entityConfidence=HIGH, url=https://www.wikidata.org/wiki/Q1420}, {entityId=212, entityConfidence=HIGH, url=https://www.wikidata.org/wiki/Q212}, {entityId=44294, entityConfidence=HIGH, url=https://www.wikidata.org/wiki/Q44294}, {entityId=81965, entityConfidence=HIGH, url=https://www.wikidata.org/wiki/Q81965}, {entityId=386065, entityConfidence=MEDIUM, url=https://www.wikidata.org/wiki/Q386065}, {entityId=826745, entityConfidence=LOW, url=https://www.wikidata.org/wiki/Q826745}, {entityId=8161, entityConfidence=LOW, url=https://www.wikidata.org/wiki/Q8161}","false","","0","0.0","0","0","0","false","0","","Twitter","","","Twitstream","","","","","","","","","","","","","","","FactSparrow (FactSparrow)"
"2000421225","EM777","2022-09-30 20:48:00.0","GM, Ford Vehicles Were Donated to Ukraine by Carmakers https://t.co/0HiwzWTFD6 via @factcheckdotorg","http://twitter.com/DustcircleNews/statuses/1575950613892206592","twitter.com","neutral","twitter","en","USA","NORTH AMERICA","North America","United States of America","","organisational","2022-10-23T18:29:20.874+0000","","DustcircleNews","https://audiences.brandwatch.com/api/audiences/v1/avatars/twitter/928355419?token=e65293db65b19e6eb001f4bad2abb3397ce21d368b406c0759d51c4f07616706","","false","","","https://www.factcheck.org/2022/09/gm-ford-vehicles-were-donated-to-ukraine-by-carmakers/?utm_source=twitter&utm_medium=social&utm_campaign=social-pug","","0","0","","0","","DustcircleNews (Left of Left)","GM, Ford Vehicles Were Donated to Ukraine by Carmakers https://t.co/0HiwzWTFD6 via @factcheckdotorg","","","15.9","328","0","0","0","0","0","0","Politics","","0.0","OH, USA","0.0","","","@factcheckdotorg","http://twitter.com/DustcircleNews/statuses/1575950613892206592","","","534d564ded37c0c8ce164a6a9b29322f","https://t.co/0HiwzWTFD6","false","","","","","post","0","","6000000000","928355419","","328","1802","1","","","0","1","44310","false","2022-10-23T18:29:20.874+0000","342","","","","","twitter","Twitter","","","{entityId=190117, entityConfidence=HIGH, url=https://www.wikidata.org/wiki/Q190117}, {entityId=1420, entityConfidence=HIGH, url=https://www.wikidata.org/wiki/Q1420}, {entityId=212, entityConfidence=HIGH, url=https://www.wikidata.org/wiki/Q212}, {entityId=44294, entityConfidence=HIGH, url=https://www.wikidata.org/wiki/Q44294}, {entityId=28993, entityConfidence=HIGH, url=https://www.wikidata.org/wiki/Q28993}","false","","0","0.0","0","0","0","false","0","","Twitter","","","Twitstream","","","","","","","","","Ohio","USA.OH","","","","","DustcircleNews (Left of Left)"
"2000421225","EM777","2022-09-30 17:09:37.0","RT @janking59 FactCheck: ""GM, Ford Vehicles Were Donated to Ukraine"": Two American carmakers have donated 100 pickup trucks and SUVs to assist with humanitarian aid in Ukraine. But an Instagram post makes the baseless claim that the vehicles were provided at U.S. taxpayers expense. No.","http://twitter.com/FranP20/statuses/1575895654496231433","twitter.com","neutral","twitter","en","","","","","","individual","2022-10-23T18:29:20.874+0000","","FranP20","https://audiences.brandwatch.com/api/audiences/v1/avatars/twitter/343091927?token=972e041a7aca38c0a69be88d4a7168898a97ecf2d863ec6a2d1c7f3621ff3150","","false","","","","","0","0","","0","","FranP20 (Fran P)","RT @janking59 FactCheck: ""GM, Ford Vehicles Were Donated to Ukraine"": Two American carmakers have donated 100 pickup trucks and SUVs to assist with humanitarian aid in Ukraine. But an Instagram post makes the baseless claim that the vehicles were provided at U.S. taxpayers expense. No.","unknown","","20.2","4441","0","0","0","0","0","0","Science, Politics","","0.0","","0.0","","","","http://twitter.com/janking59/statuses/1575894601801424896","","{profession=Executive, jobTitle=President}, {profession=Health practitioner, jobTitle=Psychologist}","88fe0d35f0b0fdeda360811f084dd9e1","","false","","","janking59","2022-09-30T17:05:26.000+0000","share","1575894601801424896","","6000000000","343091927","","4441","4703","0","","http://twitter.com/janking59/statuses/1575894601801424896","0","","120878","false","2022-10-23T18:29:20.874+0000","2766","","","","","twitter","Twitter","","RETWEET","{entityId=215601, entityConfidence=HIGH, url=https://www.wikidata.org/wiki/Q215601}, {entityId=5428664, entityConfidence=HIGH, url=https://www.wikidata.org/wiki/Q5428664}, {entityId=190117, entityConfidence=HIGH, url=https://www.wikidata.org/wiki/Q190117}, {entityId=209330, entityConfidence=HIGH, url=https://www.wikidata.org/wiki/Q209330}, {entityId=1420, entityConfidence=HIGH, url=https://www.wikidata.org/wiki/Q1420}, {entityId=30, entityConfidence=HIGH, url=https://www.wikidata.org/wiki/Q30}, {entityId=1420, entityConfidence=HIGH, url=https://www.wikidata.org/wiki/Q1420}, {entityId=212, entityConfidence=HIGH, url=https://www.wikidata.org/wiki/Q212}, {entityId=44294, entityConfidence=HIGH, url=https://www.wikidata.org/wiki/Q44294}, {entityId=30, entityConfidence=HIGH, url=https://www.wikidata.org/wiki/Q30}, {entityId=81965, entityConfidence=HIGH, url=https://www.wikidata.org/wiki/Q81965}, {entityId=13516686, entityConfidence=MEDIUM, url=https://www.wikidata.org/wiki/Q13516686}, {entityId=826745, entityConfidence=LOW, url=https://www.wikidata.org/wiki/Q826745}","false","","0","0.0","0","0","0","false","0","","Twitter","","","Twitstream","","","","","","","","","","","","","","","FranP20 (Fran P)"
"2000421225","EM777","2022-09-30 17:07:48.0","RT @janking59 FactCheck: ""GM, Ford Vehicles Were Donated to Ukraine"": Two American carmakers have donated 100 pickup trucks and SUVs to assist with humanitarian aid in Ukraine. But an Instagram post makes the baseless claim that the vehicles were provided at U.S. taxpayers expense. No.","http://twitter.com/PepKate/statuses/1575895195669114882","twitter.com","neutral","twitter","en","","","","","","individual","2022-10-23T18:29:20.874+0000","","PepKate","https://audiences.brandwatch.com/api/audiences/v1/avatars/twitter/822087225278103552?token=f9ec4b9a24ee929642d6c706dc3b6558d00a0911190279920ecbca7636d85dcd","","false","","","","","0","0","","0","","PepKate (LadyKatie)","RT @janking59 FactCheck: ""GM, Ford Vehicles Were Donated to Ukraine"": Two American carmakers have donated 100 pickup trucks and SUVs to assist with humanitarian aid in Ukraine. But an Instagram post makes the baseless claim that the vehicles were provided at U.S. taxpayers expense. No.","unknown","","4.6","2497","0","0","0","0","0","0","","","0.0","","0.0","","","","http://twitter.com/janking59/statuses/1575894601801424896","","","34ac98c377ff9999f70decb2b8757393","","false","","","janking59","2022-09-30T17:05:26.000+0000","share","1575894601801424896","","6000000000","822087225278103552","","2497","4091","0","","http://twitter.com/janking59/statuses/1575894601801424896","0","","9890","false","2022-10-23T18:29:20.874+0000","1579","","","","","twitter","Twitter","","RETWEET","{entityId=215601, entityConfidence=HIGH, url=https://www.wikidata.org/wiki/Q215601}, {entityId=5428664, entityConfidence=HIGH, url=https://www.wikidata.org/wiki/Q5428664}, {entityId=190117, entityConfidence=HIGH, url=https://www.wikidata.org/wiki/Q190117}, {entityId=209330, entityConfidence=HIGH, url=https://www.wikidata.org/wiki/Q209330}, {entityId=1420, entityConfidence=HIGH, url=https://www.wikidata.org/wiki/Q1420}, {entityId=30, entityConfidence=HIGH, url=https://www.wikidata.org/wiki/Q30}, {entityId=1420, entityConfidence=HIGH, url=https://www.wikidata.org/wiki/Q1420}, {entityId=212, entityConfidence=HIGH, url=https://www.wikidata.org/wiki/Q212}, {entityId=44294, entityConfidence=HIGH, url=https://www.wikidata.org/wiki/Q44294}, {entityId=30, entityConfidence=HIGH, url=https://www.wikidata.org/wiki/Q30}, {entityId=81965, entityConfidence=HIGH, url=https://www.wikidata.org/wiki/Q81965}, {entityId=13516686, entityConfidence=MEDIUM, url=https://www.wikidata.org/wiki/Q13516686}, {entityId=826745, entityConfidence=LOW, url=https://www.wikidata.org/wiki/Q826745}","false","","0","0.0","0","0","0","false","0","","Twitter","","","Twitstream","","","","","","","","","","","","","","","PepKate (LadyKatie)"
"2000421225","EM777","2022-09-30 17:05:26.0","FactCheck: ""GM, Ford Vehicles Were Donated to Ukraine"": Two American carmakers have donated 100 pickup trucks and SUVs to assist with humanitarian aid in Ukraine. But an Instagram post makes the baseless claim that the vehicles were provided at U.S. taxpayers expense. No.","http://twitter.com/janking59/statuses/1575894601801424896","twitter.com","neutral","twitter","en","USA","NORTH AMERICA","North America","United States of America","","individual","2022-10-23T18:29:20.874+0000","","janking59","https://audiences.brandwatch.com/api/audiences/v1/avatars/twitter/17564887?token=66a940942eec31c8e42b254bc4f0910d5c6be7ddc026434d439bb6fcf9782747","","false","","","","","0","0","","0","","janking59 (United We Stand..Get Even..VOTE BLUE)","FactCheck: ""GM, Ford Vehicles Were Donated to Ukraine"": Two American carmakers have donated 100 pickup trucks and SUVs to assist with humanitarian aid in Ukraine. But an Instagram post makes the baseless claim that the vehicles were provided at U.S. taxpayers expense. No.","unknown","","36.2","7240","0","0","0","0","0","0","Animals & Pets","","0.0","FL, USA","0.0","","","","http://twitter.com/janking59/statuses/1575894601801424896","","","f2698f4adff5dc03e75e15f6f12bd783","","false","","","","","post","0","","6000000000","17564887","","302","396","1","","","2","4","16203","false","2022-10-23T18:29:20.874+0000","2237","","","","","twitter","Twitter","","","{entityId=215601, entityConfidence=HIGH, url=https://www.wikidata.org/wiki/Q215601}, {entityId=5428664, entityConfidence=HIGH, url=https://www.wikidata.org/wiki/Q5428664}, {entityId=190117, entityConfidence=HIGH, url=https://www.wikidata.org/wiki/Q190117}, {entityId=209330, entityConfidence=HIGH, url=https://www.wikidata.org/wiki/Q209330}, {entityId=1420, entityConfidence=HIGH, url=https://www.wikidata.org/wiki/Q1420}, {entityId=30, entityConfidence=HIGH, url=https://www.wikidata.org/wiki/Q30}, {entityId=1420, entityConfidence=HIGH, url=https://www.wikidata.org/wiki/Q1420}, {entityId=212, entityConfidence=HIGH, url=https://www.wikidata.org/wiki/Q212}, {entityId=44294, entityConfidence=HIGH, url=https://www.wikidata.org/wiki/Q44294}, {entityId=35657, entityConfidence=HIGH, url=https://www.wikidata.org/wiki/Q35657}, {entityId=81965, entityConfidence=HIGH, url=https://www.wikidata.org/wiki/Q81965}, {entityId=826745, entityConfidence=MEDIUM, url=https://www.wikidata.org/wiki/Q826745}, {entityId=13516686, entityConfidence=LOW, url=https://www.wikidata.org/wiki/Q13516686}","false","","0","0.0","0","0","0","false","0","","Twitter","","","Twitstream","","","","","","","","","Florida","USA.FL","","","","","janking59 (United We Stand..Get Even..VOTE BLUE)"
"2000421225","EM777","2022-09-30 02:49:40.0","GM, Ford Vehicles Were Donated to Ukraine by Carmakers https://t.co/dI9YZVBb9h via @factcheckdotorg","http://twitter.com/JrmChenu/statuses/1575679240057810944","twitter.com","neutral","twitter","en","","","","","","individual","2022-10-23T18:29:20.874+0000","","JrmChenu","https://audiences.brandwatch.com/api/audiences/v1/avatars/twitter/185741133?token=d7698d960fb2492c2a114de80e3d68a396785a654b87d1713c2004837b4f7ebc","","false","","","https://www.factcheck.org/2022/09/gm-ford-vehicles-were-donated-to-ukraine-by-carmakers/?utm_source=twitter&utm_medium=social&utm_campaign=social-pug","","0","0","","0","","JrmChenu (Jerome Chenu)","GM, Ford Vehicles Were Donated to Ukraine by Carmakers https://t.co/dI9YZVBb9h via @factcheckdotorg","male","","0.0","719","0","0","0","0","0","0","Fine arts, Games","","0.0","","0.0","","","@factcheckdotorg","http://twitter.com/JrmChenu/statuses/1575679240057810944","","{profession=Software developer & IT, jobTitle=Game Designer}","eafc052a99b1b6eb151c42aaf489d88b","https://t.co/dI9YZVBb9h","false","","","","","post","0","","6000000000","185741133","","719","611","0","","","0","","93477","false","2022-10-23T18:29:20.874+0000","0","","","","","twitter","Twitter","","","{entityId=190117, entityConfidence=HIGH, url=https://www.wikidata.org/wiki/Q190117}, {entityId=1420, entityConfidence=HIGH, url=https://www.wikidata.org/wiki/Q1420}, {entityId=212, entityConfidence=HIGH, url=https://www.wikidata.org/wiki/Q212}, {entityId=44294, entityConfidence=HIGH, url=https://www.wikidata.org/wiki/Q44294}, {entityId=28993, entityConfidence=HIGH, url=https://www.wikidata.org/wiki/Q28993}","false","","0","0.0","0","0","0","false","0","","Twitter","","","Twitstream","","","","","","","","","","","","","","","JrmChenu (Jerome Chenu)"
"2000421225","EM777","2022-09-27 17:25:44.0","GM, Ford Vehicles Were Donated to Ukraine by Carmakers https://t.co/OF1xsh8qYR via @factcheckdotorg","http://twitter.com/frankthorne11/statuses/1574812547781361666","twitter.com","neutral","twitter","en","USA","NORTH AMERICA","North America","United States of America","USA.TX.Houston","individual","2022-10-23T18:29:23.692+0000","","frankthorne11","https://audiences.brandwatch.com/api/audiences/v1/avatars/twitter/3221135113?token=3cedb80c5be9fffd7b39c1478445f611da2f929796135a9390b149c6b537184c","","false","Houston","","https://www.factcheck.org/2022/09/gm-ford-vehicles-were-donated-to-ukraine-by-carmakers/?utm_source=twitter&utm_medium=social&utm_campaign=social-pug","","0","0","","0","","frankthorne11 (Frank Thorne)","GM, Ford Vehicles Were Donated to Ukraine by Carmakers https://t.co/OF1xsh8qYR via @factcheckdotorg","male","","0.0","1107","0","0","0","0","0","0","","","0.0","Houston, TX, USA","0.0","","","@factcheckdotorg","http://twitter.com/frankthorne11/statuses/1574812547781361666","","","05579ec7cdf2cd81ae161ade93a40cd2","https://t.co/OF1xsh8qYR","false","","","","","post","0","","6000000000","3221135113","","1107","5000","0","","","0","","56863","false","2022-10-23T18:29:23.692+0000","280","","","","","twitter","Twitter","","","{entityId=190117, entityConfidence=HIGH, url=https://www.wikidata.org/wiki/Q190117}, {entityId=1420, entityConfidence=HIGH, url=https://www.wikidata.org/wiki/Q1420}, {entityId=212, entityConfidence=HIGH, url=https://www.wikidata.org/wiki/Q212}, {entityId=44294, entityConfidence=HIGH, url=https://www.wikidata.org/wiki/Q44294}, {entityId=28993, entityConfidence=HIGH, url=https://www.wikidata.org/wiki/Q28993}","false","","0","0.0","0","0","0","false","0","","Twitter","","","Twitstream","","","","","","","","","Texas","USA.TX","","","","","frankthorne11 (Frank Thorne)"
"2000421225","EM777","2022-09-27 12:58:20.0","RT @br00t4c GM, Ford Vehicles Were Donated to Ukraine by Carmakers

#UKRAINE

https://t.co/bxIrBupk9K","http://twitter.com/SusanNagle5/statuses/1574745255689084928","twitter.com","neutral","twitter","en","USA","NORTH AMERICA","North America","United States of America","","individual","2022-10-23T18:29:23.692+0000","","SusanNagle5","https://audiences.brandwatch.com/api/audiences/v1/avatars/twitter/799423166028324864?token=bea9277346d9e2348c5bc4377956b017f5b7c3d1a33cb29fbbe6ff27b6f6126d","","false","","","https://www.factcheck.org/2022/09/gm-ford-vehicles-were-donated-to-ukraine-by-carmakers/","","0","0","","0","","SusanNagle5 (SueDogLover#Adopt& Rescue!#BLUE CREW)","RT @br00t4c GM, Ford Vehicles Were Donated to Ukraine by Carmakers #UKRAINE https://t.co/bxIrBupk9K","unknown","#ukraine","30.3","8579","0","0","0","0","0","0","Technology, Animals & Pets","","0.0","USA","0.0","","","@br00t4c","http://twitter.com/br00t4c/statuses/1574744172493520897","","","0622a7433ae629a8758b73acb1352d6c","https://t.co/bxIrBupk9K","false","","","br00t4c","2022-09-27T12:54:02.000+0000","share","1574744172493520897","","6000000000","799423166028324864","","8579","9034","0","","http://twitter.com/br00t4c/statuses/1574744172493520897","0","","80184","false","2022-10-23T18:29:23.692+0000","4474","","","","","twitter","Twitter","","RETWEET","{entityId=1420, entityConfidence=HIGH, url=https://www.wikidata.org/wiki/Q1420}, {entityId=212, entityConfidence=HIGH, url=https://www.wikidata.org/wiki/Q212}, {entityId=2003307, entityConfidence=HIGH, url=https://www.wikidata.org/wiki/Q2003307}, {entityId=28993, entityConfidence=HIGH, url=https://www.wikidata.org/wiki/Q28993}, {entityId=190117, entityConfidence=MEDIUM, url=https://www.wikidata.org/wiki/Q190117}","false","","0","0.0","0","0","0","false","0","","Twitter","","","Twitstream","","","","","","","","","","","","","","","SusanNagle5 (SueDogLover#Adopt& Rescue!#BLUE CREW)"
"2000421225","EM777","2022-09-27 12:54:02.0","GM, Ford Vehicles Were Donated to Ukraine by Carmakers

#UKRAINE

https://t.co/bxIrBupk9K","http://twitter.com/br00t4c/statuses/1574744172493520897","twitter.com","neutral","twitter","en","","","","","","individual","2022-10-23T18:29:23.692+0000","","br00t4c","https://audiences.brandwatch.com/api/audiences/v1/avatars/twitter/1330911446440554496?token=40412e04208a8c273b6f60660ea320ad2b4f06c06286ea9950c61c7e5991e815","","false","","","https://www.factcheck.org/2022/09/gm-ford-vehicles-were-donated-to-ukraine-by-carmakers/","","0","0","","0","","br00t4c (üåä Peter Taylor üíô üåé)","GM, Ford Vehicles Were Donated to Ukraine by Carmakers #UKRAINE https://t.co/bxIrBupk9K","male","#ukraine","36.7","13839","0","0","0","0","0","0","Science","","0.0","","0.0","","","","http://twitter.com/br00t4c/statuses/1574744172493520897","","","65319be3f790ac3caf9ab220abc28a81","https://t.co/bxIrBupk9K","false","","","","","post","0","","6000000000","1330911446440554496","","5260","5782","0","","","1","1","127959","false","2022-10-23T18:29:23.692+0000","5059","","","","","twitter","Twitter","","","{entityId=190117, entityConfidence=HIGH, url=https://www.wikidata.org/wiki/Q190117}, {entityId=1420, entityConfidence=HIGH, url=https://www.wikidata.org/wiki/Q1420}, {entityId=212, entityConfidence=HIGH, url=https://www.wikidata.org/wiki/Q212}, {entityId=2003307, entityConfidence=HIGH, url=https://www.wikidata.org/wiki/Q2003307}, {entityId=28993, entityConfidence=HIGH, url=https://www.wikidata.org/wiki/Q28993}","false","","0","0.0","0","0","0","false","0","","Twitter","","","Twitstream","","","","","","","","","","","","","","","br00t4c (üåä Peter Taylor üíô üåé)"
"2000421225","EM777","2022-09-27 10:20:26.0","RT @factcheckdotorg Two American carmakers have donated 100 pickup trucks and SUVs to assist with humanitarian aid in Ukraine. But an Instagram post makes the baseless claim that the vehicles were provided at U.S. taxpayers‚Äô expense. https://t.co/3w0iZpPaJi","http://twitter.com/DrBLK00/statuses/1574705518458830848","twitter.com","neutral","twitter","en","USA","NORTH AMERICA","North America","United States of America","USA.NY.New York","individual","2022-10-23T18:29:23.692+0000","","DrBLK00","https://audiences.brandwatch.com/api/audiences/v1/avatars/twitter/836524080?token=04c611d7796a7c665115b9ec869fc1921ab910b6c531b8bf4499aa014347e1f3","","false","New York","","https://www.factcheck.org/2022/09/gm-ford-vehicles-were-donated-to-ukraine-by-carmakers/","","0","0","","0","","DrBLK00 (DrBLK)","RT @factcheckdotorg Two American carmakers have donated 100 pickup trucks and SUVs to assist with humanitarian aid in Ukraine. But an Instagram post makes the baseless claim that the vehicles were provided at U.S. taxpayers‚Äô expense. https://t.co/3w0iZpPaJi","unknown","","0.0","417","0","0","0","0","0","0","","","0.0","New York, NY, USA","0.0","","","","http://twitter.com/factcheckdotorg/statuses/1574493711970574342","","","2bb87f792c703b6d497f2ac1f69d3e28","https://t.co/3w0iZpPaJi, http://ow.ly/veAn50KTwRf","false","","","factcheckdotorg","2022-09-26T20:18:48.000+0000","share","1574493711970574342","","6000000000","836524080","","417","138","0","","http://twitter.com/factcheckdotorg/statuses/1574493711970574342","0","","42732","false","2022-10-23T18:29:23.692+0000","0","","","","","twitter","Twitter","","RETWEET","{entityId=215601, entityConfidence=HIGH, url=https://www.wikidata.org/wiki/Q215601}, {entityId=190117, entityConfidence=HIGH, url=https://www.wikidata.org/wiki/Q190117}, {entityId=209330, entityConfidence=HIGH, url=https://www.wikidata.org/wiki/Q209330}, {entityId=30, entityConfidence=HIGH, url=https://www.wikidata.org/wiki/Q30}, {entityId=1420, entityConfidence=HIGH, url=https://www.wikidata.org/wiki/Q1420}, {entityId=3624961, entityConfidence=HIGH, url=https://www.wikidata.org/wiki/Q3624961}, {entityId=30, entityConfidence=HIGH, url=https://www.wikidata.org/wiki/Q30}, {entityId=826745, entityConfidence=LOW, url=https://www.wikidata.org/wiki/Q826745}, {entityId=13516686, entityConfidence=LOW, url=https://www.wikidata.org/wiki/Q13516686}","false","","0","0.0","0","0","0","false","0","","Twitter","","","Twitstream","","","","","","","","","New York","USA.NY","","","","","DrBLK00 (DrBLK)"
"2000421225","EM777","2022-09-27 04:32:20.0","GM, Ford Vehicles Were Donated to Ukraine by Carmakers ‚Äì¬†https://t.co/K3FubxECai https://t.co/TkIGhHkjbC","http://twitter.com/EnterprisesIvy/statuses/1574617915051347968","twitter.com","neutral","twitter","en","","","","","","individual","2022-10-23T18:29:23.692+0000","","EnterprisesIvy","https://audiences.brandwatch.com/api/audiences/v1/avatars/twitter/1223615885140582402?token=02cfbf33514ffddeb6d0f568060aeccac31e3a544a65faec8cee7443f1b788bb","","false","","","https://www.factcheck.org/, https://www.ivylearnings.com/gm-ford-vehicles-were-donated-to-ukraine-by-carmakers-factcheck-org/","","0","0","","0","","EnterprisesIvy (Ivy Enterprises)","GM, Ford Vehicles Were Donated to Ukraine by Carmakers ‚Äì https://t.co/K3FubxECai https://t.co/TkIGhHkjbC","female","","0.0","45","0","0","0","0","0","0","","","0.0","","0.0","","","","http://twitter.com/EnterprisesIvy/statuses/1574617915051347968","","","abd2ec53bfd3039a9a4405e8fd9a645a","https://t.co/K3FubxECai, https://t.co/TkIGhHkjbC, http://FactCheck.org","false","","","","","post","0","","6000000000","1223615885140582402","","45","22","0","","","0","","100849","false","2022-10-23T18:29:23.692+0000","0","","","","","twitter","Twitter","","","{entityId=1420, entityConfidence=HIGH, url=https://www.wikidata.org/wiki/Q1420}, {entityId=212, entityConfidence=HIGH, url=https://www.wikidata.org/wiki/Q212}, {entityId=2003307, entityConfidence=HIGH, url=https://www.wikidata.org/wiki/Q2003307}, {entityId=190117, entityConfidence=MEDIUM, url=https://www.wikidata.org/wiki/Q190117}, {entityId=28993, entityConfidence=MEDIUM, url=https://www.wikidata.org/wiki/Q28993}","false","","0","0.0","0","0","0","false","0","","Twitter","","","Twitstream","","","","","","","","","","","","","","","EnterprisesIvy (Ivy Enterprises)"
"2000421225","EM777","2022-09-27 04:26:47.0","GM, Ford Vehicles Were Donated to Ukraine by Carmakers https://t.co/dI9YZVBb9h via @factcheckdotorg","http://twitter.com/JrmChenu/statuses/1574616517463117824","twitter.com","neutral","twitter","en","","","","","","individual","2022-10-23T18:29:23.692+0000","","JrmChenu","https://audiences.brandwatch.com/api/audiences/v1/avatars/twitter/185741133?token=d7698d960fb2492c2a114de80e3d68a396785a654b87d1713c2004837b4f7ebc","","false","","","https://www.factcheck.org/2022/09/gm-ford-vehicles-were-donated-to-ukraine-by-carmakers/?utm_source=twitter&utm_medium=social&utm_campaign=social-pug","","0","0","","0","","JrmChenu (Jerome Chenu)","GM, Ford Vehicles Were Donated to Ukraine by Carmakers https://t.co/dI9YZVBb9h via @factcheckdotorg","male","","0.0","717","0","0","0","0","0","0","Fine arts, Games","","0.0","","0.0","","","@factcheckdotorg","http://twitter.com/JrmChenu/statuses/1574616517463117824","","{profession=Software developer & IT, jobTitle=Game Designer}","bb991b152ce69e1eb7258ef7b551afb9","https://t.co/dI9YZVBb9h","false","","","","","post","0","","6000000000","185741133","","717","609","0","","","0","","93260","false","2022-10-23T18:29:23.692+0000","0","","","","","twitter","Twitter","","","{entityId=190117, entityConfidence=HIGH, url=https://www.wikidata.org/wiki/Q190117}, {entityId=1420, entityConfidence=HIGH, url=https://www.wikidata.org/wiki/Q1420}, {entityId=212, entityConfidence=HIGH, url=https://www.wikidata.org/wiki/Q212}, {entityId=44294, entityConfidence=HIGH, url=https://www.wikidata.org/wiki/Q44294}, {entityId=28993, entityConfidence=HIGH, url=https://www.wikidata.org/wiki/Q28993}","false","","0","0.0","0","0","0","false","0","","Twitter","","","Twitstream","","","","","","","","","","","","","","","JrmChenu (Jerome Chenu)"
"2000421225","EM777","2022-09-26 23:38:22.0","RT @factcheckdotorg Two American carmakers have donated 100 pickup trucks and SUVs to assist with humanitarian aid in Ukraine. But an Instagram post makes the baseless claim that the vehicles were provided at U.S. taxpayers‚Äô expense. https://t.co/3w0iZpPaJi","http://twitter.com/MyPartOfReality/statuses/1574543933648130068","twitter.com","neutral","twitter","en","","","","","","individual","2022-10-23T18:29:20.454+0000","","MyPartOfReality","https://audiences.brandwatch.com/api/audiences/v1/avatars/twitter/88534689?token=fd9ba887d72c833bcc0190d631698322c0415b5b1a09f7adb94c56b819c68930","","false","","","https://www.factcheck.org/2022/09/gm-ford-vehicles-were-donated-to-ukraine-by-carmakers/","","0","0","","0","","MyPartOfReality (MyPartOfReality)","RT @factcheckdotorg Two American carmakers have donated 100 pickup trucks and SUVs to assist with humanitarian aid in Ukraine. But an Instagram post makes the baseless claim that the vehicles were provided at U.S. taxpayers‚Äô expense. https://t.co/3w0iZpPaJi","unknown","","0.0","145","0","0","0","0","0","0","Music, Shopping","","0.0","","0.0","","","","http://twitter.com/factcheckdotorg/statuses/1574493711970574342","","","ac8bab65041fdee4992dc554fdb859f6","https://t.co/3w0iZpPaJi, http://ow.ly/veAn50KTwRf","false","","","factcheckdotorg","2022-09-26T20:18:48.000+0000","share","1574493711970574342","","6000000000","88534689","","145","50","0","","http://twitter.com/factcheckdotorg/statuses/1574493711970574342","0","","37865","false","2022-10-23T18:29:20.454+0000","0","","","","","twitter","Twitter","","RETWEET","{entityId=215601, entityConfidence=HIGH, url=https://www.wikidata.org/wiki/Q215601}, {entityId=190117, entityConfidence=HIGH, url=https://www.wikidata.org/wiki/Q190117}, {entityId=209330, entityConfidence=HIGH, url=https://www.wikidata.org/wiki/Q209330}, {entityId=30, entityConfidence=HIGH, url=https://www.wikidata.org/wiki/Q30}, {entityId=1420, entityConfidence=HIGH, url=https://www.wikidata.org/wiki/Q1420}, {entityId=3624961, entityConfidence=HIGH, url=https://www.wikidata.org/wiki/Q3624961}, {entityId=30, entityConfidence=HIGH, url=https://www.wikidata.org/wiki/Q30}, {entityId=826745, entityConfidence=LOW, url=https://www.wikidata.org/wiki/Q826745}, {entityId=13516686, entityConfidence=LOW, url=https://www.wikidata.org/wiki/Q13516686}","false","","0","0.0","0","0","0","false","0","","Twitter","","","Twitstream","","","","","","","","","","","","","","","MyPartOfReality (MyPartOfReality)"
"2000421225","EM777","2022-09-26 22:41:57.0","RT @factcheckdotorg Two American carmakers have donated 100 pickup trucks and SUVs to assist with humanitarian aid in Ukraine. But an Instagram post makes the baseless claim that the vehicles were provided at U.S. taxpayers‚Äô expense. https://t.co/3w0iZpPaJi","http://twitter.com/OrneryBroad/statuses/1574529739846348800","twitter.com","neutral","twitter","en","","","","","","individual","2022-10-23T18:29:20.457+0000","","OrneryBroad","https://audiences.brandwatch.com/api/audiences/v1/avatars/twitter/737688336077197313?token=26ff36d1e9f5479c93a6b3972b54715410593520fe6837a7a03304c852153fd7","","false","","","https://www.factcheck.org/2022/09/gm-ford-vehicles-were-donated-to-ukraine-by-carmakers/","","0","0","","0","","OrneryBroad (Ornery Ol' Broad üá∫üá¶)","RT @factcheckdotorg Two American carmakers have donated 100 pickup trucks and SUVs to assist with humanitarian aid in Ukraine. But an Instagram post makes the baseless claim that the vehicles were provided at U.S. taxpayers‚Äô expense. https://t.co/3w0iZpPaJi","unknown","","0.0","189","0","0","0","0","0","0","","","0.0","","0.0","","","","http://twitter.com/factcheckdotorg/statuses/1574493711970574342","","","7bbafb492e33e619cf32e8a00e4f92fb","https://t.co/3w0iZpPaJi, http://ow.ly/veAn50KTwRf","false","","","factcheckdotorg","2022-09-26T20:18:48.000+0000","share","1574493711970574342","","6000000000","737688336077197313","","189","750","0","","http://twitter.com/factcheckdotorg/statuses/1574493711970574342","0","","3243","false","2022-10-23T18:29:20.457+0000","0","","","","","twitter","Twitter","","RETWEET","{entityId=215601, entityConfidence=HIGH, url=https://www.wikidata.org/wiki/Q215601}, {entityId=190117, entityConfidence=HIGH, url=https://www.wikidata.org/wiki/Q190117}, {entityId=209330, entityConfidence=HIGH, url=https://www.wikidata.org/wiki/Q209330}, {entityId=30, entityConfidence=HIGH, url=https://www.wikidata.org/wiki/Q30}, {entityId=1420, entityConfidence=HIGH, url=https://www.wikidata.org/wiki/Q1420}, {entityId=3624961, entityConfidence=HIGH, url=https://www.wikidata.org/wiki/Q3624961}, {entityId=30, entityConfidence=HIGH, url=https://www.wikidata.org/wiki/Q30}, {entityId=826745, entityConfidence=LOW, url=https://www.wikidata.org/wiki/Q826745}, {entityId=13516686, entityConfidence=LOW, url=https://www.wikidata.org/wiki/Q13516686}","false","","0","0.0","0","0","0","false","0","","Twitter","","","Twitstream","","","","","","","","","","","","","","","OrneryBroad (Ornery Ol' Broad üá∫üá¶)"
"2000421225","EM777","2022-09-26 22:31:35.0","GM, Ford Vehicles Were Donated to Ukraine by Carmakers ‚Äì¬†https://t.co/K3FubxVFci https://t.co/kYup4b4hPn","http://twitter.com/EnterprisesIvy/statuses/1574527129080848385","twitter.com","neutral","twitter","en","","","","","","individual","2022-10-23T18:29:20.454+0000","","EnterprisesIvy","https://audiences.brandwatch.com/api/audiences/v1/avatars/twitter/1223615885140582402?token=02cfbf33514ffddeb6d0f568060aeccac31e3a544a65faec8cee7443f1b788bb","","false","","","https://www.factcheck.org/, https://store.zittrex.com/gm-ford-vehicles-were-donated-to-ukraine-by-carmakers-factcheck-org/","","0","0","","0","","EnterprisesIvy (Ivy Enterprises)","GM, Ford Vehicles Were Donated to Ukraine by Carmakers ‚Äì https://t.co/K3FubxVFci https://t.co/kYup4b4hPn","female","","0.0","45","0","0","0","0","0","0","","","0.0","","0.0","","","","http://twitter.com/EnterprisesIvy/statuses/1574527129080848385","","","d59fa6a5a2f994affbcdce8b1ba5cee1","https://t.co/K3FubxVFci, https://t.co/kYup4b4hPn, http://FactCheck.org","false","","","","","post","0","","6000000000","1223615885140582402","","45","22","0","","","0","","100763","false","2022-10-23T18:29:20.454+0000","0","","","","","twitter","Twitter","","","{entityId=190117, entityConfidence=HIGH, url=https://www.wikidata.org/wiki/Q190117}, {entityId=1420, entityConfidence=HIGH, url=https://www.wikidata.org/wiki/Q1420}, {entityId=212, entityConfidence=HIGH, url=https://www.wikidata.org/wiki/Q212}, {entityId=2003307, entityConfidence=HIGH, url=https://www.wikidata.org/wiki/Q2003307}, {entityId=28993, entityConfidence=MEDIUM, url=https://www.wikidata.org/wiki/Q28993}","false","","0","0.0","0","0","0","false","0","","Twitter","","","Twitstream","","","","","","","","","","","","","","","EnterprisesIvy (Ivy Enterprises)"
"2000421225","EM777","2022-09-26 22:23:22.0","RT @factcheckdotorg Two American carmakers have donated 100 pickup trucks and SUVs to assist with humanitarian aid in Ukraine. But an Instagram post makes the baseless claim that the vehicles were provided at U.S. taxpayers‚Äô expense. https://t.co/3w0iZpPaJi","http://twitter.com/Mykiwitwit/statuses/1574525062786318336","twitter.com","neutral","twitter","en","","","","","","individual","2022-10-23T18:29:20.457+0000","","Mykiwitwit","https://audiences.brandwatch.com/api/audiences/v1/avatars/twitter/629751550?token=b70d5235e501249b2fc04700e0a72137b9ac47061dbb659a8c6093cf33f6af9f","","false","","","https://www.factcheck.org/2022/09/gm-ford-vehicles-were-donated-to-ukraine-by-carmakers/","","0","0","","0","","Mykiwitwit (Not-all-heroes-wear-capes)","RT @factcheckdotorg Two American carmakers have donated 100 pickup trucks and SUVs to assist with humanitarian aid in Ukraine. But an Instagram post makes the baseless claim that the vehicles were provided at U.S. taxpayers‚Äô expense. https://t.co/3w0iZpPaJi","unknown","","0.0","587","0","0","0","0","0","0","","","0.0","","0.0","","","","http://twitter.com/factcheckdotorg/statuses/1574493711970574342","","","614584b4a5f081001e37e6643ca7ca71","https://t.co/3w0iZpPaJi, http://ow.ly/veAn50KTwRf","false","","","factcheckdotorg","2022-09-26T20:18:48.000+0000","share","1574493711970574342","","6000000000","629751550","","587","88","0","","http://twitter.com/factcheckdotorg/statuses/1574493711970574342","0","","405826","false","2022-10-23T18:29:20.457+0000","0","","","","","twitter","Twitter","","RETWEET","{entityId=215601, entityConfidence=HIGH, url=https://www.wikidata.org/wiki/Q215601}, {entityId=190117, entityConfidence=HIGH, url=https://www.wikidata.org/wiki/Q190117}, {entityId=209330, entityConfidence=HIGH, url=https://www.wikidata.org/wiki/Q209330}, {entityId=30, entityConfidence=HIGH, url=https://www.wikidata.org/wiki/Q30}, {entityId=1420, entityConfidence=HIGH, url=https://www.wikidata.org/wiki/Q1420}, {entityId=3624961, entityConfidence=HIGH, url=https://www.wikidata.org/wiki/Q3624961}, {entityId=30, entityConfidence=HIGH, url=https://www.wikidata.org/wiki/Q30}, {entityId=826745, entityConfidence=LOW, url=https://www.wikidata.org/wiki/Q826745}, {entityId=13516686, entityConfidence=LOW, url=https://www.wikidata.org/wiki/Q13516686}","false","","0","0.0","0","0","0","false","0","","Twitter","","","Twitstream","","","","","","","","","","","","","","","Mykiwitwit (Not-all-heroes-wear-capes)"
"2000421225","EM777","2022-09-26 21:43:35.0","GM, Ford Vehicles Were Donated to Ukraine by Carmakers https://t.co/sn4Qhsu56G https://t.co/59c9qYrSQ3","http://twitter.com/FactsRising/statuses/1574515048193863681","twitter.com","neutral","twitter","en","","","","","","individual","2022-10-23T18:29:20.456+0000","","FactsRising","https://audiences.brandwatch.com/api/audiences/v1/avatars/twitter/822318628229910529?token=bf5b70bbbdb634b699df411e99a54b15fe27bfceba179a9d20a882b64fe1469d","","false","","","https://www.factcheck.org/2022/09/gm-ford-vehicles-were-donated-to-ukraine-by-carmakers/?utm_source=dlvr.it&utm_medium=twitter","","0","0","","0","","FactsRising (FactsRising)","GM, Ford Vehicles Were Donated to Ukraine by Carmakers https://t.co/sn4Qhsu56G https://t.co/59c9qYrSQ3","unknown","","0.0","30","0","0","0","0","0","0","Politics","","0.0","","0.0","","http://pbs.twimg.com/media/FdnNF5LaAAAL7QW.jpg","","http://twitter.com/FactsRising/statuses/1574515048193863681","","","e705bb84aa410d0dd679e9973331bb16","https://t.co/sn4Qhsu56G, https://t.co/59c9qYrSQ3, https://bit.ly/3C9k64f","false","","","","","post","0","","6000000000","822318628229910529","","30","51","0","","","0","","5025","false","2022-10-23T18:29:20.456+0000","0","","","","","twitter","Twitter","","","{entityId=1420, entityConfidence=HIGH, url=https://www.wikidata.org/wiki/Q1420}, {entityId=212, entityConfidence=HIGH, url=https://www.wikidata.org/wiki/Q212}, {entityId=2003307, entityConfidence=HIGH, url=https://www.wikidata.org/wiki/Q2003307}, {entityId=190117, entityConfidence=MEDIUM, url=https://www.wikidata.org/wiki/Q190117}, {entityId=28993, entityConfidence=MEDIUM, url=https://www.wikidata.org/wiki/Q28993}","false","","0","0.0","0","0","0","false","0","","Twitter","","","Twitstream","","","","","","","","","","","","","","","FactsRising (FactsRising)"
"2000421225","EM777","2022-09-26 21:08:34.0","Quick Take
Two American carmakers have donated 100 pickup trucks and SUVs to assist with humanitarian aid in Ukraine. But an Instagram post makes the baseless claim that the vehicles were provided at U.S. taxpayers‚Äô expense.
Full Story
Sinc https://t.co/ius2iS88zu","http://twitter.com/EUwatchers/statuses/1574506238364237824","twitter.com","neutral","twitter","en","BEL","EUROPE","Europe","Belgium","BEL.Brussels.Brussels","organisational","2022-10-23T18:29:20.455+0000","","EUwatchers","https://audiences.brandwatch.com/api/audiences/v1/avatars/twitter/990802033?token=844b32686ad44d3571e48c0e2e9d41e89979073d11d44b9b89de5019bd1faede","","false","Brussels","","https://www.factcheck.org/2022/09/gm-ford-vehicles-were-donated-to-ukraine-by-carmakers/","","0","0","","0","","EUwatchers (EUwatch)","Quick Take Two American carmakers have donated 100 pickup trucks and SUVs to assist with humanitarian aid in Ukraine. But an Instagram post makes the baseless claim that the vehicles were provided at U.S. taxpayers‚Äô expense. Full Story Sinc https://t.co/ius2iS88zu","","","40.7","25664","0","0","0","0","0","0","","","0.0","Brussels, Brussels, BEL","0.0","","","","http://twitter.com/EUwatchers/statuses/1574506238364237824","","","a6fa0bfa283e00c7d5955dc585091727","https://t.co/ius2iS88zu","false","","","","","post","0","","6000000000","990802033","","25664","7666","0","","","0","2","460819","false","2022-10-23T18:29:20.455+0000","8429","","","","","twitter","Twitter","","","{entityId=215601, entityConfidence=HIGH, url=https://www.wikidata.org/wiki/Q215601}, {entityId=190117, entityConfidence=HIGH, url=https://www.wikidata.org/wiki/Q190117}, {entityId=209330, entityConfidence=HIGH, url=https://www.wikidata.org/wiki/Q209330}, {entityId=30, entityConfidence=HIGH, url=https://www.wikidata.org/wiki/Q30}, {entityId=1420, entityConfidence=HIGH, url=https://www.wikidata.org/wiki/Q1420}, {entityId=212, entityConfidence=HIGH, url=https://www.wikidata.org/wiki/Q212}, {entityId=30, entityConfidence=HIGH, url=https://www.wikidata.org/wiki/Q30}, {entityId=826745, entityConfidence=LOW, url=https://www.wikidata.org/wiki/Q826745}, {entityId=13516686, entityConfidence=LOW, url=https://www.wikidata.org/wiki/Q13516686}, {entityId=855949, entityConfidence=LOW, url=https://www.wikidata.org/wiki/Q855949}","false","","0","0.0","0","0","0","false","0","","Twitter","","","Twitstream","","","","","","","","","Brussels","BEL.Brussels","","","","","EUwatchers (EUwatch)"
"2000421225","EM777","2022-09-26 21:05:38.0","RT @factcheckdotorg Two American carmakers have donated 100 pickup trucks and SUVs to assist with humanitarian aid in Ukraine. But an Instagram post makes the baseless claim that the vehicles were provided at U.S. taxpayers‚Äô expense. https://t.co/3w0iZpPaJi","http://twitter.com/HCIBSW/statuses/1574505497062871040","twitter.com","neutral","twitter","en","","","","","","individual","2022-10-23T18:29:20.457+0000","","HCIBSW","https://audiences.brandwatch.com/api/audiences/v1/avatars/twitter/1069735315668115457?token=ec9571978f344ee5e64ffcbdb754b1654f79f4b882b641bc5f12d2c37716c00c","","false","","","https://www.factcheck.org/2022/09/gm-ford-vehicles-were-donated-to-ukraine-by-carmakers/","","0","0","","0","","HCIBSW (HCIBSW - Representing the great state of NJ)","RT @factcheckdotorg Two American carmakers have donated 100 pickup trucks and SUVs to assist with humanitarian aid in Ukraine. But an Instagram post makes the baseless claim that the vehicles were provided at U.S. taxpayers‚Äô expense. https://t.co/3w0iZpPaJi","unknown","","0.0","344","0","0","0","0","0","0","Sports, Family & Parenting","","0.0","","0.0","","","","http://twitter.com/factcheckdotorg/statuses/1574493711970574342","","","91f26225324d76997edb633823eb24b8","https://t.co/3w0iZpPaJi, http://ow.ly/veAn50KTwRf","false","","","factcheckdotorg","2022-09-26T20:18:48.000+0000","share","1574493711970574342","","6000000000","1069735315668115457","","344","776","0","","http://twitter.com/factcheckdotorg/statuses/1574493711970574342","0","","16367","false","2022-10-23T18:29:20.457+0000","0","","","","","twitter","Twitter","","RETWEET","{entityId=215601, entityConfidence=HIGH, url=https://www.wikidata.org/wiki/Q215601}, {entityId=190117, entityConfidence=HIGH, url=https://www.wikidata.org/wiki/Q190117}, {entityId=209330, entityConfidence=HIGH, url=https://www.wikidata.org/wiki/Q209330}, {entityId=30, entityConfidence=HIGH, url=https://www.wikidata.org/wiki/Q30}, {entityId=1420, entityConfidence=HIGH, url=https://www.wikidata.org/wiki/Q1420}, {entityId=3624961, entityConfidence=HIGH, url=https://www.wikidata.org/wiki/Q3624961}, {entityId=30, entityConfidence=HIGH, url=https://www.wikidata.org/wiki/Q30}, {entityId=826745, entityConfidence=LOW, url=https://www.wikidata.org/wiki/Q826745}, {entityId=13516686, entityConfidence=LOW, url=https://www.wikidata.org/wiki/Q13516686}","false","","0","0.0","0","0","0","false","0","","Twitter","","","Twitstream","","","","","","","","","","","","","","","HCIBSW (HCIBSW - Representing the great state of NJ)"
"2000421225","EM777","2022-09-26 21:04:21.0","GM, Ford Vehicles Were Donated to Ukraine by Carmakers https://t.co/ZnyjMj0c3T","http://twitter.com/tonynapmdgmail1/statuses/1574505175544631296","twitter.com","neutral","twitter","en","USA","NORTH AMERICA","North America","United States of America","USA.NY.New York","individual","2022-10-23T18:29:20.454+0000","","tonynapmdgmail1","https://audiences.brandwatch.com/api/audiences/v1/avatars/twitter/722848156518649860?token=a27ed259e0ba3998927104a83a78cd21f322637c48ba5e00b60211c2137b5f43","","false","New York","","https://www.factcheck.org/2022/09/gm-ford-vehicles-were-donated-to-ukraine-by-carmakers/","","0","0","","0","","tonynapmdgmail1 (tonynapmd)","GM, Ford Vehicles Were Donated to Ukraine by Carmakers https://t.co/ZnyjMj0c3T","unknown","","0.0","42","0","0","0","0","0","0","Beauty/Health & Fitness","","0.0","New York, NY, USA","0.0","","","","http://twitter.com/tonynapmdgmail1/statuses/1574505175544631296","","{profession=Teacher & Lecturer, jobTitle=Assistant Professor}","17e933ff895b2156a289d41aaf0b26e1","https://t.co/ZnyjMj0c3T, http://ow.ly/vhyz1043vYB","false","","","","","post","0","","6000000000","722848156518649860","","42","51","0","","","0","","442","false","2022-10-23T18:29:20.454+0000","0","","","","","twitter","Twitter","","","{entityId=1420, entityConfidence=HIGH, url=https://www.wikidata.org/wiki/Q1420}, {entityId=212, entityConfidence=HIGH, url=https://www.wikidata.org/wiki/Q212}, {entityId=2003307, entityConfidence=HIGH, url=https://www.wikidata.org/wiki/Q2003307}, {entityId=190117, entityConfidence=MEDIUM, url=https://www.wikidata.org/wiki/Q190117}, {entityId=28993, entityConfidence=MEDIUM, url=https://www.wikidata.org/wiki/Q28993}","false","","0","0.0","0","0","0","false","0","","Twitter","","","Twitstream","","","","","","","","","New York","USA.NY","","","","","tonynapmdgmail1 (tonynapmd)"
"2000421225","EM777","2022-09-26 20:58:54.0","RT @factcheckdotorg Two American carmakers have donated 100 pickup trucks and SUVs to assist with humanitarian aid in Ukraine. But an Instagram post makes the baseless claim that the vehicles were provided at U.S. taxpayers‚Äô expense. https://t.co/3w0iZpPaJi","http://twitter.com/BDSaf4/statuses/1574503806166974464","twitter.com","neutral","twitter","en","USA","NORTH AMERICA","North America","United States of America","USA.NV.Las Vegas","individual","2022-10-23T18:29:20.454+0000","","BDSaf4","https://audiences.brandwatch.com/api/audiences/v1/avatars/twitter/1391069765624471552?token=612a42492cf0191fdf22dd782f3d30b358951ec509dfd013a6af58f2665f6784","","false","Las Vegas","","https://www.factcheck.org/2022/09/gm-ford-vehicles-were-donated-to-ukraine-by-carmakers/","","0","0","","0","","BDSaf4 (BDSaf)","RT @factcheckdotorg Two American carmakers have donated 100 pickup trucks and SUVs to assist with humanitarian aid in Ukraine. But an Instagram post makes the baseless claim that the vehicles were provided at U.S. taxpayers‚Äô expense. https://t.co/3w0iZpPaJi","unknown","","0.0","467","0","0","0","0","0","0","","","0.0","Las Vegas, NV, USA","0.0","","","","http://twitter.com/factcheckdotorg/statuses/1574493711970574342","","","be0181752ba693602179dc92fa422e17","https://t.co/3w0iZpPaJi, http://ow.ly/veAn50KTwRf","false","","","factcheckdotorg","2022-09-26T20:18:48.000+0000","share","1574493711970574342","","6000000000","1391069765624471552","","467","2367","0","","http://twitter.com/factcheckdotorg/statuses/1574493711970574342","0","","18759","false","2022-10-23T18:29:20.454+0000","0","","","","","twitter","Twitter","","RETWEET","{entityId=215601, entityConfidence=HIGH, url=https://www.wikidata.org/wiki/Q215601}, {entityId=190117, entityConfidence=HIGH, url=https://www.wikidata.org/wiki/Q190117}, {entityId=209330, entityConfidence=HIGH, url=https://www.wikidata.org/wiki/Q209330}, {entityId=30, entityConfidence=HIGH, url=https://www.wikidata.org/wiki/Q30}, {entityId=1420, entityConfidence=HIGH, url=https://www.wikidata.org/wiki/Q1420}, {entityId=3624961, entityConfidence=HIGH, url=https://www.wikidata.org/wiki/Q3624961}, {entityId=30, entityConfidence=HIGH, url=https://www.wikidata.org/wiki/Q30}, {entityId=826745, entityConfidence=LOW, url=https://www.wikidata.org/wiki/Q826745}, {entityId=13516686, entityConfidence=LOW, url=https://www.wikidata.org/wiki/Q13516686}","false","","0","0.0","0","0","0","false","0","","Twitter","","","Twitstream","","","","","","","","","Nevada","USA.NV","","","","","BDSaf4 (BDSaf)"
"2000421225","EM777","2022-09-26 20:50:04.0","RT @factcheckdotorg Two American carmakers have donated 100 pickup trucks and SUVs to assist with humanitarian aid in Ukraine. But an Instagram post makes the baseless claim that the vehicles were provided at U.S. taxpayers‚Äô expense. https://t.co/3w0iZpPaJi","http://twitter.com/pj219/statuses/1574501579432116245","twitter.com","neutral","twitter","en","USA","NORTH AMERICA","North America","United States of America","","individual","2022-10-23T18:29:20.455+0000","","pj219","https://audiences.brandwatch.com/api/audiences/v1/avatars/twitter/40975336?token=a2332becc6e5d02255d24c597c892ae5a68686f0edd6929912419a72ca4e83d2","","false","","","https://www.factcheck.org/2022/09/gm-ford-vehicles-were-donated-to-ukraine-by-carmakers/","","0","0","","0","","pj219 (PJohnsonüÜò)","RT @factcheckdotorg Two American carmakers have donated 100 pickup trucks and SUVs to assist with humanitarian aid in Ukraine. But an Instagram post makes the baseless claim that the vehicles were provided at U.S. taxpayers‚Äô expense. https://t.co/3w0iZpPaJi","unknown","","37.5","16782","0","0","0","0","0","0","Science, Family & Parenting","","0.0","USA","0.0","","","","http://twitter.com/factcheckdotorg/statuses/1574493711970574342","","","c58d1d0d02a3c665d6c867c5cbf1d447","https://t.co/3w0iZpPaJi, http://ow.ly/veAn50KTwRf","false","","","factcheckdotorg","2022-09-26T20:18:48.000+0000","share","1574493711970574342","","6000000000","40975336","","16782","18369","0","","http://twitter.com/factcheckdotorg/statuses/1574493711970574342","0","","43598","false","2022-10-23T18:29:20.455+0000","6703","","","","","twitter","Twitter","","RETWEET","{entityId=215601, entityConfidence=HIGH, url=https://www.wikidata.org/wiki/Q215601}, {entityId=190117, entityConfidence=HIGH, url=https://www.wikidata.org/wiki/Q190117}, {entityId=209330, entityConfidence=HIGH, url=https://www.wikidata.org/wiki/Q209330}, {entityId=30, entityConfidence=HIGH, url=https://www.wikidata.org/wiki/Q30}, {entityId=1420, entityConfidence=HIGH, url=https://www.wikidata.org/wiki/Q1420}, {entityId=3624961, entityConfidence=HIGH, url=https://www.wikidata.org/wiki/Q3624961}, {entityId=30, entityConfidence=HIGH, url=https://www.wikidata.org/wiki/Q30}, {entityId=826745, entityConfidence=LOW, url=https://www.wikidata.org/wiki/Q826745}, {entityId=13516686, entityConfidence=LOW, url=https://www.wikidata.org/wiki/Q13516686}","false","","0","0.0","0","0","0","false","0","","Twitter","","","Twitstream","","","","","","","","","","","","","","","pj219 (PJohnsonüÜò)"
"2000421225","EM777","2022-09-26 20:46:05.0","RT @TheParadiseNg GM, Ford Vehicles Were Donated to Ukraine by Carmakers https://t.co/6qsJG0zYWh","http://twitter.com/converseernews/statuses/1574500579988377601","twitter.com","neutral","twitter","en","","","","","","organisational","2022-10-23T18:29:20.454+0000","","converseernews","https://audiences.brandwatch.com/api/audiences/v1/avatars/twitter/1732739510?token=953b8ddbb8f2e8fbcef43a5e0bbb50b108b78fc825ea4a38f62e329f7550ce1d","","false","","","https://theparadise.ng/gm-ford-vehicles-were-donated-to-ukraine-by-carmakers/?utm_source=dlvr.it&utm_medium=twitter","","0","0","","0","","converseernews (Converseer)","RT @TheParadiseNg GM, Ford Vehicles Were Donated to Ukraine by Carmakers https://t.co/6qsJG0zYWh","","","0.0","1069","0","0","0","0","0","0","Books","","0.0","","0.0","","","@theparadiseng","http://twitter.com/TheParadiseNg/statuses/1574499827370856448","","","814c08559e4dee87f56b2ea107d28a92","https://t.co/6qsJG0zYWh, http://dlvr.it/SZ2TDB","false","","","TheParadiseNg","2022-09-26T20:43:06.000+0000","share","1574499827370856448","","6000000000","1732739510","","1069","1018","0","","http://twitter.com/TheParadiseNg/statuses/1574499827370856448","0","","15215","false","2022-10-23T18:29:20.454+0000","233","","","","","twitter","Twitter","","RETWEET","{entityId=1420, entityConfidence=HIGH, url=https://www.wikidata.org/wiki/Q1420}, {entityId=212, entityConfidence=HIGH, url=https://www.wikidata.org/wiki/Q212}, {entityId=2003307, entityConfidence=HIGH, url=https://www.wikidata.org/wiki/Q2003307}, {entityId=28993, entityConfidence=HIGH, url=https://www.wikidata.org/wiki/Q28993}, {entityId=190117, entityConfidence=MEDIUM, url=https://www.wikidata.org/wiki/Q190117}","false","","0","0.0","0","0","0","false","0","","Twitter","","","Twitstream","","","","","","","","","","","","","","","converseernews (Converseer)"
"2000421225","EM777","2022-09-26 20:43:36.0","RT @TheParadiseNg GM, Ford Vehicles Were Donated to Ukraine by Carmakers https://t.co/6qsJG0zYWh","http://twitter.com/calitraffic/statuses/1574499953887842304","twitter.com","neutral","twitter","en","NGA","AFRICA","Africa","Nigeria","NGA.Cross River.Calabar","individual","2022-10-23T18:29:20.456+0000","","calitraffic","https://audiences.brandwatch.com/api/audiences/v1/avatars/twitter/2933621447?token=eef4f5ed1ed205f01fc43197afa2d750be3baad9c481f00610277cedd2cd9bed","","false","Calabar","","https://theparadise.ng/gm-ford-vehicles-were-donated-to-ukraine-by-carmakers/?utm_source=dlvr.it&utm_medium=twitter","","0","0","","0","","calitraffic (Calabar Traffic)","RT @TheParadiseNg GM, Ford Vehicles Were Donated to Ukraine by Carmakers https://t.co/6qsJG0zYWh","unknown","","0.0","884","0","0","0","0","0","0","","","0.0","Calabar, Cross River, NGA","0.0","","","@theparadiseng","http://twitter.com/TheParadiseNg/statuses/1574499827370856448","","","da458e64c04bba8be88a9ef19a8fddf2","https://t.co/6qsJG0zYWh, http://dlvr.it/SZ2TDB","false","","","TheParadiseNg","2022-09-26T20:43:06.000+0000","share","1574499827370856448","","6000000000","2933621447","","884","683","0","","http://twitter.com/TheParadiseNg/statuses/1574499827370856448","0","","18141","false","2022-10-23T18:29:20.456+0000","0","","","","","twitter","Twitter","","RETWEET","{entityId=1420, entityConfidence=HIGH, url=https://www.wikidata.org/wiki/Q1420}, {entityId=212, entityConfidence=HIGH, url=https://www.wikidata.org/wiki/Q212}, {entityId=2003307, entityConfidence=HIGH, url=https://www.wikidata.org/wiki/Q2003307}, {entityId=28993, entityConfidence=HIGH, url=https://www.wikidata.org/wiki/Q28993}, {entityId=190117, entityConfidence=MEDIUM, url=https://www.wikidata.org/wiki/Q190117}","false","","0","0.0","0","0","0","false","0","","Twitter","","","Twitstream","","","","","","","","","Cross River","NGA.Cross River","","","","","calitraffic (Calabar Traffic)"
"2000421225","EM777","2022-09-26 20:43:36.0","RT @TheParadiseNg GM, Ford Vehicles Were Donated to Ukraine by Carmakers https://t.co/6qsJG0zYWh","http://twitter.com/frankulom/statuses/1574499952767946752","twitter.com","neutral","twitter","en","USA","NORTH AMERICA","North America","United States of America","","individual","2022-10-23T18:29:20.454+0000","","frankulom","https://audiences.brandwatch.com/api/audiences/v1/avatars/twitter/1162270110452633600?token=529868d796e86b4734983200a75ad2a213573443608bf35926305a2bcaad8152","","false","","","https://theparadise.ng/gm-ford-vehicles-were-donated-to-ukraine-by-carmakers/?utm_source=dlvr.it&utm_medium=twitter","","0","0","","0","","frankulom (Frank Ulom)","RT @TheParadiseNg GM, Ford Vehicles Were Donated to Ukraine by Carmakers https://t.co/6qsJG0zYWh","male","","3.7","2283","0","0","0","0","0","0","Business","","0.0","USA","0.0","","","@theparadiseng","http://twitter.com/TheParadiseNg/statuses/1574499827370856448","","{profession=Journalist, jobTitle=Journalist}, {profession=Executive, jobTitle=Entrepreneur}","1f573550c2c2ef53a64cf541623f4cbb","https://t.co/6qsJG0zYWh, http://dlvr.it/SZ2TDB","false","","","TheParadiseNg","2022-09-26T20:43:06.000+0000","share","1574499827370856448","","6000000000","1162270110452633600","","2283","2523","0","","http://twitter.com/TheParadiseNg/statuses/1574499827370856448","0","","11837","false","2022-10-23T18:29:20.454+0000","1416","","","","","twitter","Twitter","","RETWEET","{entityId=1420, entityConfidence=HIGH, url=https://www.wikidata.org/wiki/Q1420}, {entityId=212, entityConfidence=HIGH, url=https://www.wikidata.org/wiki/Q212}, {entityId=2003307, entityConfidence=HIGH, url=https://www.wikidata.org/wiki/Q2003307}, {entityId=28993, entityConfidence=HIGH, url=https://www.wikidata.org/wiki/Q28993}, {entityId=190117, entityConfidence=MEDIUM, url=https://www.wikidata.org/wiki/Q190117}","false","","0","0.0","0","0","0","false","0","","Twitter","","","Twitstream","","","","","","","","","","","","","","","frankulom (Frank Ulom)"
"2000421225","EM777","2022-09-26 20:43:06.0","GM, Ford Vehicles Were Donated to Ukraine by Carmakers https://t.co/6qsJG0zYWh","http://twitter.com/TheParadiseNg/statuses/1574499827370856448","twitter.com","neutral","twitter","en","","","","","","organisational","2022-10-23T18:29:20.458+0000","","TheParadiseNg","https://audiences.brandwatch.com/api/audiences/v1/avatars/twitter/4248352301?token=3984e3c34530e07dec4b562e91be1cb0d3ed2400ba23ee291961c91ca970dd7d","","false","","","https://theparadise.ng/gm-ford-vehicles-were-donated-to-ukraine-by-carmakers/?utm_source=dlvr.it&utm_medium=twitter","","0","0","","0","","TheParadiseNg (The Paradise News)","GM, Ford Vehicles Were Donated to Ukraine by Carmakers https://t.co/6qsJG0zYWh","","","41.3","20588","0","0","0","0","0","0","Books","","0.0","","0.0","","","","http://twitter.com/TheParadiseNg/statuses/1574499827370856448","","","cdaa3d27f44f5da3abed19ba47503305","https://t.co/6qsJG0zYWh, http://dlvr.it/SZ2TDB","false","","","","","post","0","","6000000000","4248352301","","16352","13280","0","","","3","","29211","false","2022-10-23T18:29:20.458+0000","8509","","","","","twitter","Twitter","","","{entityId=1420, entityConfidence=HIGH, url=https://www.wikidata.org/wiki/Q1420}, {entityId=212, entityConfidence=HIGH, url=https://www.wikidata.org/wiki/Q212}, {entityId=2003307, entityConfidence=HIGH, url=https://www.wikidata.org/wiki/Q2003307}, {entityId=190117, entityConfidence=MEDIUM, url=https://www.wikidata.org/wiki/Q190117}, {entityId=28993, entityConfidence=MEDIUM, url=https://www.wikidata.org/wiki/Q28993}","false","","0","0.0","0","0","0","false","0","","Twitter","","","Twitstream","","","","","","","","","","","","","","","TheParadiseNg (The Paradise News)"
"2000421225","EM777","2022-09-26 20:42:59.0","RT @factcheckdotorg Two American carmakers have donated 100 pickup trucks and SUVs to assist with humanitarian aid in Ukraine. But an Instagram post makes the baseless claim that the vehicles were provided at U.S. taxpayers‚Äô expense. https://t.co/3w0iZpPaJi","http://twitter.com/Asjsas1/statuses/1574499799621337088","twitter.com","neutral","twitter","en","","","","","","individual","2022-10-23T18:29:20.458+0000","","Asjsas1","https://audiences.brandwatch.com/api/audiences/v1/avatars/twitter/1277630914986737669?token=6f305cf671809c5d57e5d8730ec8539f7c0f4efebd86941947d4fa6450684f59","","false","","","https://www.factcheck.org/2022/09/gm-ford-vehicles-were-donated-to-ukraine-by-carmakers/","","0","0","","0","","Asjsas1 (Asjsas)","RT @factcheckdotorg Two American carmakers have donated 100 pickup trucks and SUVs to assist with humanitarian aid in Ukraine. But an Instagram post makes the baseless claim that the vehicles were provided at U.S. taxpayers‚Äô expense. https://t.co/3w0iZpPaJi","unknown","","0.0","186","0","0","0","0","0","0","Politics","","0.0","","0.0","","","","http://twitter.com/factcheckdotorg/statuses/1574493711970574342","","","e51a48294d75c8c46dbc952ac19f010d","https://t.co/3w0iZpPaJi, http://ow.ly/veAn50KTwRf","false","","","factcheckdotorg","2022-09-26T20:18:48.000+0000","share","1574493711970574342","","6000000000","1277630914986737669","","186","477","0","","http://twitter.com/factcheckdotorg/statuses/1574493711970574342","0","","22737","false","2022-10-23T18:29:20.458+0000","0","","","","","twitter","Twitter","","RETWEET","{entityId=215601, entityConfidence=HIGH, url=https://www.wikidata.org/wiki/Q215601}, {entityId=190117, entityConfidence=HIGH, url=https://www.wikidata.org/wiki/Q190117}, {entityId=209330, entityConfidence=HIGH, url=https://www.wikidata.org/wiki/Q209330}, {entityId=30, entityConfidence=HIGH, url=https://www.wikidata.org/wiki/Q30}, {entityId=1420, entityConfidence=HIGH, url=https://www.wikidata.org/wiki/Q1420}, {entityId=3624961, entityConfidence=HIGH, url=https://www.wikidata.org/wiki/Q3624961}, {entityId=30, entityConfidence=HIGH, url=https://www.wikidata.org/wiki/Q30}, {entityId=826745, entityConfidence=LOW, url=https://www.wikidata.org/wiki/Q826745}, {entityId=13516686, entityConfidence=LOW, url=https://www.wikidata.org/wiki/Q13516686}","false","","0","0.0","0","0","0","false","0","","Twitter","","","Twitstream","","","","","","","","","","","","","","","Asjsas1 (Asjsas)"
"2000421225","EM777","2022-09-26 20:40:12.0","RT @factcheckdotorg Two American carmakers have donated 100 pickup trucks and SUVs to assist with humanitarian aid in Ukraine. But an Instagram post makes the baseless claim that the vehicles were provided at U.S. taxpayers‚Äô expense. https://t.co/3w0iZpPaJi","http://twitter.com/BOURBONJOE68/statuses/1574499098983645219","twitter.com","neutral","twitter","en","USA","NORTH AMERICA","North America","United States of America","USA.KS.Topeka","individual","2022-10-23T18:29:20.457+0000","","BOURBONJOE68","https://audiences.brandwatch.com/api/audiences/v1/avatars/twitter/2451799248?token=fe02382d5426dc9e67ec4d53edb353c6dbc6d004135b11ac9f41f10df51e158b","","false","Topeka","","https://www.factcheck.org/2022/09/gm-ford-vehicles-were-donated-to-ukraine-by-carmakers/","","0","0","","0","","BOURBONJOE68 (Joe Arnold)","RT @factcheckdotorg Two American carmakers have donated 100 pickup trucks and SUVs to assist with humanitarian aid in Ukraine. But an Instagram post makes the baseless claim that the vehicles were provided at U.S. taxpayers‚Äô expense. https://t.co/3w0iZpPaJi","male","","0.0","140","0","0","0","0","0","0","","","0.0","Topeka, KS, USA","0.0","","","","http://twitter.com/factcheckdotorg/statuses/1574493711970574342","","","7e096e23924d6f051302b44ef0c5a1a7","https://t.co/3w0iZpPaJi, http://ow.ly/veAn50KTwRf","false","","","factcheckdotorg","2022-09-26T20:18:48.000+0000","share","1574493711970574342","","6000000000","2451799248","","140","108","0","","http://twitter.com/factcheckdotorg/statuses/1574493711970574342","0","","114474","false","2022-10-23T18:29:20.457+0000","0","","","","","twitter","Twitter","","RETWEET","{entityId=215601, entityConfidence=HIGH, url=https://www.wikidata.org/wiki/Q215601}, {entityId=190117, entityConfidence=HIGH, url=https://www.wikidata.org/wiki/Q190117}, {entityId=209330, entityConfidence=HIGH, url=https://www.wikidata.org/wiki/Q209330}, {entityId=30, entityConfidence=HIGH, url=https://www.wikidata.org/wiki/Q30}, {entityId=1420, entityConfidence=HIGH, url=https://www.wikidata.org/wiki/Q1420}, {entityId=3624961, entityConfidence=HIGH, url=https://www.wikidata.org/wiki/Q3624961}, {entityId=30, entityConfidence=HIGH, url=https://www.wikidata.org/wiki/Q30}, {entityId=826745, entityConfidence=LOW, url=https://www.wikidata.org/wiki/Q826745}, {entityId=13516686, entityConfidence=LOW, url=https://www.wikidata.org/wiki/Q13516686}","false","","0","0.0","0","0","0","false","0","","Twitter","","","Twitstream","","","","","","","","","Kansas","USA.KS","","","","","BOURBONJOE68 (Joe Arnold)"
"2000421225","EM777","2022-09-26 20:35:52.0","RT @factcheckdotorg Two American carmakers have donated 100 pickup trucks and SUVs to assist with humanitarian aid in Ukraine. But an Instagram post makes the baseless claim that the vehicles were provided at U.S. taxpayers‚Äô expense. https://t.co/3w0iZpPaJi","http://twitter.com/SJSciarra/statuses/1574498008695291938","twitter.com","neutral","twitter","en","USA","NORTH AMERICA","North America","United States of America","USA.FL.St Petersburg","individual","2022-10-23T18:29:20.455+0000","","SJSciarra","https://audiences.brandwatch.com/api/audiences/v1/avatars/twitter/78626501?token=2ff2a01be3c301145483e57693d63023b47f0758de6632aa82e8e8bddca170c6","","false","St. Petersburg","","https://www.factcheck.org/2022/09/gm-ford-vehicles-were-donated-to-ukraine-by-carmakers/","","0","0","","0","","SJSciarra (Stacy Sciarra)","RT @factcheckdotorg Two American carmakers have donated 100 pickup trucks and SUVs to assist with humanitarian aid in Ukraine. But an Instagram post makes the baseless claim that the vehicles were provided at U.S. taxpayers‚Äô expense. https://t.co/3w0iZpPaJi","female","","0.0","812","0","0","0","0","0","0","Politics","","0.0","St Petersburg, FL, USA","0.0","","","","http://twitter.com/factcheckdotorg/statuses/1574493711970574342","","","c378b10ed12e89cdcd85a34016144259","https://t.co/3w0iZpPaJi, http://ow.ly/veAn50KTwRf","false","","","factcheckdotorg","2022-09-26T20:18:48.000+0000","share","1574493711970574342","","6000000000","78626501","","812","1654","0","","http://twitter.com/factcheckdotorg/statuses/1574493711970574342","0","","22751","false","2022-10-23T18:29:20.455+0000","0","","","","","twitter","Twitter","","RETWEET","{entityId=215601, entityConfidence=HIGH, url=https://www.wikidata.org/wiki/Q215601}, {entityId=190117, entityConfidence=HIGH, url=https://www.wikidata.org/wiki/Q190117}, {entityId=209330, entityConfidence=HIGH, url=https://www.wikidata.org/wiki/Q209330}, {entityId=30, entityConfidence=HIGH, url=https://www.wikidata.org/wiki/Q30}, {entityId=1420, entityConfidence=HIGH, url=https://www.wikidata.org/wiki/Q1420}, {entityId=3624961, entityConfidence=HIGH, url=https://www.wikidata.org/wiki/Q3624961}, {entityId=30, entityConfidence=HIGH, url=https://www.wikidata.org/wiki/Q30}, {entityId=826745, entityConfidence=LOW, url=https://www.wikidata.org/wiki/Q826745}, {entityId=13516686, entityConfidence=LOW, url=https://www.wikidata.org/wiki/Q13516686}","false","","0","0.0","0","0","0","false","0","","Twitter","","","Twitstream","","","","","","","","","Florida","USA.FL","","","","","SJSciarra (Stacy Sciarra)"
"2000421225","EM777","2022-09-26 20:27:19.0","GM, Ford Vehicles Were Donated to Ukraine by Carmakers ‚Äì¬†https://t.co/K3FubxE4kK https://t.co/RKsYweNtBT","http://twitter.com/EnterprisesIvy/statuses/1574495857164140559","twitter.com","neutral","twitter","en","","","","","","individual","2022-10-23T18:29:20.456+0000","","EnterprisesIvy","https://audiences.brandwatch.com/api/audiences/v1/avatars/twitter/1223615885140582402?token=02cfbf33514ffddeb6d0f568060aeccac31e3a544a65faec8cee7443f1b788bb","","false","","","https://www.factcheck.org/, https://www.zittrex.com/gm-ford-vehicles-were-donated-to-ukraine-by-carmakers-factcheck-org/","","0","0","","0","","EnterprisesIvy (Ivy Enterprises)","GM, Ford Vehicles Were Donated to Ukraine by Carmakers ‚Äì https://t.co/K3FubxE4kK https://t.co/RKsYweNtBT","female","","0.0","45","0","0","0","0","0","0","","","0.0","","0.0","","","","http://twitter.com/EnterprisesIvy/statuses/1574495857164140559","","","ce6929ef1f3c55f3b4474a7e447f1188","https://t.co/K3FubxE4kK, https://t.co/RKsYweNtBT, http://FactCheck.org","false","","","","","post","0","","6000000000","1223615885140582402","","45","22","0","","","0","","100749","false","2022-10-23T18:29:20.456+0000","0","","","","","twitter","Twitter","","","{entityId=190117, entityConfidence=HIGH, url=https://www.wikidata.org/wiki/Q190117}, {entityId=1420, entityConfidence=HIGH, url=https://www.wikidata.org/wiki/Q1420}, {entityId=212, entityConfidence=HIGH, url=https://www.wikidata.org/wiki/Q212}, {entityId=2003307, entityConfidence=HIGH, url=https://www.wikidata.org/wiki/Q2003307}, {entityId=28993, entityConfidence=MEDIUM, url=https://www.wikidata.org/wiki/Q28993}","false","","0","0.0","0","0","0","false","0","","Twitter","","","Twitstream","","","","","","","","","","","","","","","EnterprisesIvy (Ivy Enterprises)"
"2000421225","EM777","2022-09-26 20:27:08.0","RT @factcheckdotorg Two American carmakers have donated 100 pickup trucks and SUVs to assist with humanitarian aid in Ukraine. But an Instagram post makes the baseless claim that the vehicles were provided at U.S. taxpayers‚Äô expense. https://t.co/3w0iZpPaJi","http://twitter.com/BMT8291/statuses/1574495811077128195","twitter.com","neutral","twitter","en","USA","NORTH AMERICA","North America","United States of America","USA.NY.New York","individual","2022-10-23T18:29:20.458+0000","","BMT8291","https://audiences.brandwatch.com/api/audiences/v1/avatars/twitter/1314324787691429890?token=2f212eef137388ec93df9b7a686e0d9770d603a57654fe47968100431eb30284","","false","New York","","https://www.factcheck.org/2022/09/gm-ford-vehicles-were-donated-to-ukraine-by-carmakers/","","0","0","","0","","BMT8291 (üá∫üá¶ üíôüá∫üá∏ Joe Biden is My President üá∫üá∏üíô üá∫üá¶)","RT @factcheckdotorg Two American carmakers have donated 100 pickup trucks and SUVs to assist with humanitarian aid in Ukraine. But an Instagram post makes the baseless claim that the vehicles were provided at U.S. taxpayers‚Äô expense. https://t.co/3w0iZpPaJi","male","","0.0","1395","0","0","0","0","0","0","Politics","","0.0","New York, NY, USA","0.0","","","","http://twitter.com/factcheckdotorg/statuses/1574493711970574342","","","6f9f3a4e0e2dedfa9577b81b80554895","https://t.co/3w0iZpPaJi, http://ow.ly/veAn50KTwRf","false","","","factcheckdotorg","2022-09-26T20:18:48.000+0000","share","1574493711970574342","","6000000000","1314324787691429890","","1395","4998","0","","http://twitter.com/factcheckdotorg/statuses/1574493711970574342","0","","342439","false","2022-10-23T18:29:20.458+0000","610","","","","","twitter","Twitter","","RETWEET","{entityId=215601, entityConfidence=HIGH, url=https://www.wikidata.org/wiki/Q215601}, {entityId=190117, entityConfidence=HIGH, url=https://www.wikidata.org/wiki/Q190117}, {entityId=209330, entityConfidence=HIGH, url=https://www.wikidata.org/wiki/Q209330}, {entityId=30, entityConfidence=HIGH, url=https://www.wikidata.org/wiki/Q30}, {entityId=1420, entityConfidence=HIGH, url=https://www.wikidata.org/wiki/Q1420}, {entityId=3624961, entityConfidence=HIGH, url=https://www.wikidata.org/wiki/Q3624961}, {entityId=30, entityConfidence=HIGH, url=https://www.wikidata.org/wiki/Q30}, {entityId=826745, entityConfidence=LOW, url=https://www.wikidata.org/wiki/Q826745}, {entityId=13516686, entityConfidence=LOW, url=https://www.wikidata.org/wiki/Q13516686}","false","","0","0.0","0","0","0","false","0","","Twitter","","","Twitstream","","","","","","","","","New York","USA.NY","","","","","BMT8291 (üá∫üá¶ üíôüá∫üá∏ Joe Biden is My President üá∫üá∏üíô üá∫üá¶)"
"2000421225","EM777","2022-09-26 20:23:17.0","RT @factcheckdotorg Two American carmakers have donated 100 pickup trucks and SUVs to assist with humanitarian aid in Ukraine. But an Instagram post makes the baseless claim that the vehicles were provided at U.S. taxpayers‚Äô expense. https://t.co/3w0iZpPaJi","http://twitter.com/Skyhawk1/statuses/1574494841576341504","twitter.com","neutral","twitter","en","USA","NORTH AMERICA","North America","United States of America","","individual","2022-10-23T18:29:20.454+0000","","Skyhawk1","https://audiences.brandwatch.com/api/audiences/v1/avatars/twitter/14238259?token=42ca0137d931d130a432b2218a2bec2977595562847b440e1518f0d6596310d5","","false","","","https://www.factcheck.org/2022/09/gm-ford-vehicles-were-donated-to-ukraine-by-carmakers/","","0","0","","0","","Skyhawk1 (Skyhawk ü•§üíªüìöüçî)","RT @factcheckdotorg Two American carmakers have donated 100 pickup trucks and SUVs to assist with humanitarian aid in Ukraine. But an Instagram post makes the baseless claim that the vehicles were provided at U.S. taxpayers‚Äô expense. https://t.co/3w0iZpPaJi","unknown","","27.8","6863","0","0","0","0","0","0","Books, Science, Technology, Politics","","0.0","USA","0.0","","","","http://twitter.com/factcheckdotorg/statuses/1574493711970574342","","","0759e4b75321872c3d16da7f0fb818d4","https://t.co/3w0iZpPaJi, http://ow.ly/veAn50KTwRf","false","","","factcheckdotorg","2022-09-26T20:18:48.000+0000","share","1574493711970574342","","6000000000","14238259","","6863","5828","0","","http://twitter.com/factcheckdotorg/statuses/1574493711970574342","0","","109882","false","2022-10-23T18:29:20.454+0000","3848","","","","","twitter","Twitter","","RETWEET","{entityId=215601, entityConfidence=HIGH, url=https://www.wikidata.org/wiki/Q215601}, {entityId=190117, entityConfidence=HIGH, url=https://www.wikidata.org/wiki/Q190117}, {entityId=209330, entityConfidence=HIGH, url=https://www.wikidata.org/wiki/Q209330}, {entityId=30, entityConfidence=HIGH, url=https://www.wikidata.org/wiki/Q30}, {entityId=1420, entityConfidence=HIGH, url=https://www.wikidata.org/wiki/Q1420}, {entityId=3624961, entityConfidence=HIGH, url=https://www.wikidata.org/wiki/Q3624961}, {entityId=30, entityConfidence=HIGH, url=https://www.wikidata.org/wiki/Q30}, {entityId=826745, entityConfidence=LOW, url=https://www.wikidata.org/wiki/Q826745}, {entityId=13516686, entityConfidence=LOW, url=https://www.wikidata.org/wiki/Q13516686}","false","","0","0.0","0","0","0","false","0","","Twitter","","","Twitstream","","","","","","","","","","","","","","","Skyhawk1 (Skyhawk ü•§üíªüìöüçî)"
"2000421225","EM777","2022-09-26 20:21:59.0","RT @factcheckdotorg Two American carmakers have donated 100 pickup trucks and SUVs to assist with humanitarian aid in Ukraine. But an Instagram post makes the baseless claim that the vehicles were provided at U.S. taxpayers‚Äô expense. https://t.co/3w0iZpPaJi","http://twitter.com/drdivan55/statuses/1574494514466750465","twitter.com","neutral","twitter","en","BGR","EUROPE","Europe","Bulgaria","BGR.Plovdiv.Plovdiv","individual","2022-10-23T18:29:20.456+0000","","drdivan55","https://audiences.brandwatch.com/api/audiences/v1/avatars/twitter/69933976?token=cbf530f05d76fbce676624161bf0766515a1f4b126bcea7b645effdebd540fa5","","false","Plovdiv","","https://www.factcheck.org/2022/09/gm-ford-vehicles-were-donated-to-ukraine-by-carmakers/","","0","0","","0","","drdivan55 (Ivan Ivanov)","RT @factcheckdotorg Two American carmakers have donated 100 pickup trucks and SUVs to assist with humanitarian aid in Ukraine. But an Instagram post makes the baseless claim that the vehicles were provided at U.S. taxpayers‚Äô expense. https://t.co/3w0iZpPaJi","male","","0.0","403","0","0","0","0","0","0","","","0.0","Plovdiv, Plovdiv, BGR","0.0","","","","http://twitter.com/factcheckdotorg/statuses/1574493711970574342","","","3805dedbd6230d45e32b2ca86c60446d","https://t.co/3w0iZpPaJi, http://ow.ly/veAn50KTwRf","false","","","factcheckdotorg","2022-09-26T20:18:48.000+0000","share","1574493711970574342","","6000000000","69933976","","403","3161","0","","http://twitter.com/factcheckdotorg/statuses/1574493711970574342","0","","44875","false","2022-10-23T18:29:20.456+0000","0","","","","","twitter","Twitter","","RETWEET","{entityId=215601, entityConfidence=HIGH, url=https://www.wikidata.org/wiki/Q215601}, {entityId=190117, entityConfidence=HIGH, url=https://www.wikidata.org/wiki/Q190117}, {entityId=209330, entityConfidence=HIGH, url=https://www.wikidata.org/wiki/Q209330}, {entityId=30, entityConfidence=HIGH, url=https://www.wikidata.org/wiki/Q30}, {entityId=1420, entityConfidence=HIGH, url=https://www.wikidata.org/wiki/Q1420}, {entityId=3624961, entityConfidence=HIGH, url=https://www.wikidata.org/wiki/Q3624961}, {entityId=30, entityConfidence=HIGH, url=https://www.wikidata.org/wiki/Q30}, {entityId=826745, entityConfidence=LOW, url=https://www.wikidata.org/wiki/Q826745}, {entityId=13516686, entityConfidence=LOW, url=https://www.wikidata.org/wiki/Q13516686}","false","","0","0.0","0","0","0","false","0","","Twitter","","","Twitstream","","","","","","","","","Plovdiv","BGR.Plovdiv","","","","","drdivan55 (Ivan Ivanov)"
"2000421225","EM777","2022-09-26 20:21:08.0","RT @factcheckdotorg Two American carmakers have donated 100 pickup trucks and SUVs to assist with humanitarian aid in Ukraine. But an Instagram post makes the baseless claim that the vehicles were provided at U.S. taxpayers‚Äô expense. https://t.co/3w0iZpPaJi","http://twitter.com/LeeTidler/statuses/1574494300830068738","twitter.com","neutral","twitter","en","","","","","","individual","2022-10-23T18:29:20.454+0000","","LeeTidler","https://audiences.brandwatch.com/api/audiences/v1/avatars/twitter/887093911?token=111792db690a9198a73643f5d42f3afab5c33baaab5609f34e76b392e9d3cc58","","false","","","https://www.factcheck.org/2022/09/gm-ford-vehicles-were-donated-to-ukraine-by-carmakers/","","0","0","","0","","LeeTidler (Lee Tidler)","RT @factcheckdotorg Two American carmakers have donated 100 pickup trucks and SUVs to assist with humanitarian aid in Ukraine. But an Instagram post makes the baseless claim that the vehicles were provided at U.S. taxpayers‚Äô expense. https://t.co/3w0iZpPaJi","male","","0.0","199","0","0","0","0","0","0","Animals & Pets, Family & Parenting","","0.0","","0.0","","","","http://twitter.com/factcheckdotorg/statuses/1574493711970574342","","","a4a793db2c172e85317dff62c218cb5f","https://t.co/3w0iZpPaJi, http://ow.ly/veAn50KTwRf","false","","","factcheckdotorg","2022-09-26T20:18:48.000+0000","share","1574493711970574342","","6000000000","887093911","","199","365","0","","http://twitter.com/factcheckdotorg/statuses/1574493711970574342","0","","50831","false","2022-10-23T18:29:20.454+0000","0","","","","","twitter","Twitter","","RETWEET","{entityId=215601, entityConfidence=HIGH, url=https://www.wikidata.org/wiki/Q215601}, {entityId=190117, entityConfidence=HIGH, url=https://www.wikidata.org/wiki/Q190117}, {entityId=209330, entityConfidence=HIGH, url=https://www.wikidata.org/wiki/Q209330}, {entityId=30, entityConfidence=HIGH, url=https://www.wikidata.org/wiki/Q30}, {entityId=1420, entityConfidence=HIGH, url=https://www.wikidata.org/wiki/Q1420}, {entityId=3624961, entityConfidence=HIGH, url=https://www.wikidata.org/wiki/Q3624961}, {entityId=30, entityConfidence=HIGH, url=https://www.wikidata.org/wiki/Q30}, {entityId=826745, entityConfidence=LOW, url=https://www.wikidata.org/wiki/Q826745}, {entityId=13516686, entityConfidence=LOW, url=https://www.wikidata.org/wiki/Q13516686}","false","","0","0.0","0","0","0","false","0","","Twitter","","","Twitstream","","","","","","","","","","","","","","","LeeTidler (Lee Tidler)"
"2000421225","EM777","2022-09-26 20:20:46.0","RT @factcheckdotorg Two American carmakers have donated 100 pickup trucks and SUVs to assist with humanitarian aid in Ukraine. But an Instagram post makes the baseless claim that the vehicles were provided at U.S. taxpayers‚Äô expense. https://t.co/3w0iZpPaJi","http://twitter.com/SKepke/statuses/1574494207305449472","twitter.com","neutral","twitter","en","USA","NORTH AMERICA","North America","United States of America","USA.NY.New York","individual","2022-10-23T18:29:20.458+0000","","SKepke","https://audiences.brandwatch.com/api/audiences/v1/avatars/twitter/2334157347?token=fac4ca99f7127885655b3601cec41a11f39c6f21f0e11b015a338a5cad5fe3ee","","false","New York","","https://www.factcheck.org/2022/09/gm-ford-vehicles-were-donated-to-ukraine-by-carmakers/","","0","0","","0","","SKepke (Steve Kepke)","RT @factcheckdotorg Two American carmakers have donated 100 pickup trucks and SUVs to assist with humanitarian aid in Ukraine. But an Instagram post makes the baseless claim that the vehicles were provided at U.S. taxpayers‚Äô expense. https://t.co/3w0iZpPaJi","male","","0.0","419","0","0","0","0","0","0","","","0.0","New York, NY, USA","0.0","","","","http://twitter.com/factcheckdotorg/statuses/1574493711970574342","","","36420ad67a6ebbaeb6ac222009d756a0","https://t.co/3w0iZpPaJi, http://ow.ly/veAn50KTwRf","false","","","factcheckdotorg","2022-09-26T20:18:48.000+0000","share","1574493711970574342","","6000000000","2334157347","","419","1001","0","","http://twitter.com/factcheckdotorg/statuses/1574493711970574342","0","","30720","false","2022-10-23T18:29:20.458+0000","0","","","","","twitter","Twitter","","RETWEET","{entityId=215601, entityConfidence=HIGH, url=https://www.wikidata.org/wiki/Q215601}, {entityId=190117, entityConfidence=HIGH, url=https://www.wikidata.org/wiki/Q190117}, {entityId=209330, entityConfidence=HIGH, url=https://www.wikidata.org/wiki/Q209330}, {entityId=30, entityConfidence=HIGH, url=https://www.wikidata.org/wiki/Q30}, {entityId=1420, entityConfidence=HIGH, url=https://www.wikidata.org/wiki/Q1420}, {entityId=3624961, entityConfidence=HIGH, url=https://www.wikidata.org/wiki/Q3624961}, {entityId=30, entityConfidence=HIGH, url=https://www.wikidata.org/wiki/Q30}, {entityId=826745, entityConfidence=LOW, url=https://www.wikidata.org/wiki/Q826745}, {entityId=13516686, entityConfidence=LOW, url=https://www.wikidata.org/wiki/Q13516686}","false","","0","0.0","0","0","0","false","0","","Twitter","","","Twitstream","","","","","","","","","New York","USA.NY","","","","","SKepke (Steve Kepke)"
"2000421225","EM777","2022-09-26 20:18:48.0","Two American carmakers have donated 100 pickup trucks and SUVs to assist with humanitarian aid in Ukraine. But an Instagram post makes the baseless claim that the vehicles were provided at U.S. taxpayers‚Äô expense. https://t.co/3w0iZpPaJi","http://twitter.com/factcheckdotorg/statuses/1574493711970574342","twitter.com","neutral","twitter","en","USA","NORTH AMERICA","North America","United States of America","USA.PA.Philadelphia","individual","2022-10-23T18:29:20.456+0000","","factcheckdotorg","https://audiences.brandwatch.com/api/audiences/v1/avatars/twitter/21344507?token=b1b2610c85a158386cac968d4a98b7c8356eef03dbabb16f35a1dc4536c3db0a","","false","Philadelphia","","https://www.factcheck.org/2022/09/gm-ford-vehicles-were-donated-to-ukraine-by-carmakers/","","0","0","","0","","factcheckdotorg (FactCheck.org)","Two American carmakers have donated 100 pickup trucks and SUVs to assist with humanitarian aid in Ukraine. But an Instagram post makes the baseless claim that the vehicles were provided at U.S. taxpayers‚Äô expense. https://t.co/3w0iZpPaJi","unknown","","61.9","233397","0","0","0","0","0","0","","","0.0","Philadelphia, PA, USA","0.0","","","","http://twitter.com/factcheckdotorg/statuses/1574493711970574342","","","565fbd18eddf843662cf62c26f4222af","https://t.co/3w0iZpPaJi, http://ow.ly/veAn50KTwRf","false","","","","","post","0","","6000000000","21344507","","204049","36","0","","","15","27","14068","true","2022-10-23T18:29:20.456+0000","27823","","","","","twitter","Twitter","","","{entityId=215601, entityConfidence=HIGH, url=https://www.wikidata.org/wiki/Q215601}, {entityId=190117, entityConfidence=HIGH, url=https://www.wikidata.org/wiki/Q190117}, {entityId=209330, entityConfidence=HIGH, url=https://www.wikidata.org/wiki/Q209330}, {entityId=30, entityConfidence=HIGH, url=https://www.wikidata.org/wiki/Q30}, {entityId=1420, entityConfidence=HIGH, url=https://www.wikidata.org/wiki/Q1420}, {entityId=212, entityConfidence=HIGH, url=https://www.wikidata.org/wiki/Q212}, {entityId=35657, entityConfidence=HIGH, url=https://www.wikidata.org/wiki/Q35657}, {entityId=826745, entityConfidence=LOW, url=https://www.wikidata.org/wiki/Q826745}, {entityId=13516686, entityConfidence=LOW, url=https://www.wikidata.org/wiki/Q13516686}","false","","0","0.0","0","0","0","false","0","","Twitter","","","Twitstream","","","","","","","","","Pennsylvania","USA.PA","","","","","factcheckdotorg (FactCheck.org)"
